source_image,output_image,class_id,class_name,prompt,seed,accepted,reject_reason,bbox_pixel_diff,mask_padding,inference_steps,label_count_original,label_count_output,label_sanity_ok,output_exists,output_size_matches,nontrivial_image
/content/data/processed/base/images/train/00afb4420bdce881ad216867c713c800.jpg,/content/data/processed/synthetic_inpaint/images/train/00afb4420bdce881ad216867c713c800_selective_c26_0000_s2600042.jpg,26,Mig31,"realistic sky background, natural lighting, aviation photography, high resolution, realistic clouds",2600042,True,,0.0,0.1,20,1,1,True,True,True,True
/content/data/processed/base/images/train/03e7dd6896f2169a2a94344b0b2fc254.jpg,/content/data/processed/synthetic_inpaint/images/train/03e7dd6896f2169a2a94344b0b2fc254_selective_c26_0001_s2600043.jpg,26,Mig31,"realistic runway background, military airbase, natural lighting, aviation photography",2600043,True,,0.0,0.1,20,1,1,True,True,True,True
/content/data/processed/base/images/train/051ec72ab08331757c558a8765747ca5.jpg,/content/data/processed/synthetic_inpaint/images/train/051ec72ab08331757c558a8765747ca5_selective_c26_0002_s2600044.jpg,26,Mig31,"cloudy sky background, realistic atmosphere, aviation photography",2600044,True,,0.0,0.1,20,1,1,True,True,True,True
/content/data/processed/base/images/train/0744af736b82a808b07095558c94fe71.jpg,/content/data/processed/synthetic_inpaint/images/train/0744af736b82a808b07095558c94fe71_selective_c26_0003_s2600045.jpg,26,Mig31,"clear blue sky, sunlight, realistic aircraft photography",2600045,True,,0.0,0.1,20,1,1,True,True,True,True
/content/data/processed/base/images/train/0a36e5862664eb92575949fc3ce7f842.jpg,/content/data/processed/synthetic_inpaint/images/train/0a36e5862664eb92575949fc3ce7f842_selective_c26_0004_s2600046.jpg,26,Mig31,"desert airfield background, haze, realistic lighting",2600046,True,,0.0,0.1,20,1,1,True,True,True,True
/content/data/processed/base/images/train/0af3a80affb05a409c3348a3f3c4986e.jpg,/content/data/processed/synthetic_inpaint/images/train/0af3a80affb05a409c3348a3f3c4986e_selective_c26_0005_s2600047.jpg,26,Mig31,"realistic sky background, natural lighting, aviation photography, high resolution, realistic clouds",2600047,True,,0.0,0.1,20,2,2,True,True,True,True
/content/data/processed/base/images/train/0ecb0afee47001d7fc35dacec2e2dcb7.jpg,/content/data/processed/synthetic_inpaint/images/train/0ecb0afee47001d7fc35dacec2e2dcb7_selective_c26_0006_s2600048.jpg,26,Mig31,"realistic runway background, military airbase, natural lighting, aviation photography",2600048,True,,0.0,0.1,20,1,1,True,True,True,True
/content/data/processed/base/images/train/1017bee1cb942afd835a29edd0418358.jpg,/content/data/processed/synthetic_inpaint/images/train/1017bee1cb942afd835a29edd0418358_selective_c26_0007_s2600049.jpg,26,Mig31,"cloudy sky background, realistic atmosphere, aviation photography",2600049,True,,0.0,0.1,20,1,1,True,True,True,True
/content/data/processed/base/images/train/111a988bc0caa8ff369969d24352704f.jpg,/content/data/processed/synthetic_inpaint/images/train/111a988bc0caa8ff369969d24352704f_selective_c26_0008_s2600050.jpg,26,Mig31,"clear blue sky, sunlight, realistic aircraft photography",2600050,True,,0.0,0.1,20,1,1,True,True,True,True
/content/data/processed/base/images/train/1146c5928e6958d0767d08245d4596a1.jpg,/content/data/processed/synthetic_inpaint/images/train/1146c5928e6958d0767d08245d4596a1_selective_c26_0009_s2600051.jpg,26,Mig31,"desert airfield background, haze, realistic lighting",2600051,True,,0.0,0.1,20,1,1,True,True,True,True
/content/data/processed/base/images/train/14adbaa9dc68407aa0d75d683b29ae9d.jpg,/content/data/processed/synthetic_inpaint/images/train/14adbaa9dc68407aa0d75d683b29ae9d_selective_c26_0010_s2600052.jpg,26,Mig31,"realistic sky background, natural lighting, aviation photography, high resolution, realistic clouds",2600052,True,,0.0,0.1,20,3,3,True,True,True,True
/content/data/processed/base/images/train/168491d56dcc6e1914d23fe3d298cee5.jpg,/content/data/processed/synthetic_inpaint/images/train/168491d56dcc6e1914d23fe3d298cee5_selective_c26_0011_s2600053.jpg,26,Mig31,"realistic runway background, military airbase, natural lighting, aviation photography",2600053,True,,0.0,0.1,20,1,1,True,True,True,True
/content/data/processed/base/images/train/18ebab6239d087e8214f3a9ea7a2d2d7.jpg,/content/data/processed/synthetic_inpaint/images/train/18ebab6239d087e8214f3a9ea7a2d2d7_selective_c26_0012_s2600054.jpg,26,Mig31,"cloudy sky background, realistic atmosphere, aviation photography",2600054,True,,0.0,0.1,20,1,1,True,True,True,True
/content/data/processed/base/images/train/19b0d99a3f58395961d3f82367838065.jpg,/content/data/processed/synthetic_inpaint/images/train/19b0d99a3f58395961d3f82367838065_selective_c26_0013_s2600055.jpg,26,Mig31,"clear blue sky, sunlight, realistic aircraft photography",2600055,True,,0.0,0.1,20,3,3,True,True,True,True
/content/data/processed/base/images/train/1ad54f9f2c8bfd0a29d80392dde75e30.jpg,/content/data/processed/synthetic_inpaint/images/train/1ad54f9f2c8bfd0a29d80392dde75e30_selective_c26_0014_s2600056.jpg,26,Mig31,"desert airfield background, haze, realistic lighting",2600056,True,,0.0,0.1,20,2,2,True,True,True,True
/content/data/processed/base/images/train/1c99615191abc734b738d34200156fe6.jpg,/content/data/processed/synthetic_inpaint/images/train/1c99615191abc734b738d34200156fe6_selective_c26_0015_s2600057.jpg,26,Mig31,"realistic sky background, natural lighting, aviation photography, high resolution, realistic clouds",2600057,True,,0.0,0.1,20,1,1,True,True,True,True
/content/data/processed/base/images/train/1ccde0cab5f7c7d51bcd1337322a4273.jpg,/content/data/processed/synthetic_inpaint/images/train/1ccde0cab5f7c7d51bcd1337322a4273_selective_c26_0016_s2600058.jpg,26,Mig31,"realistic runway background, military airbase, natural lighting, aviation photography",2600058,True,,0.0,0.1,20,1,1,True,True,True,True
/content/data/processed/base/images/train/1e03524dfb3a927e8d891e42ebff7b64.jpg,/content/data/processed/synthetic_inpaint/images/train/1e03524dfb3a927e8d891e42ebff7b64_selective_c26_0017_s2600059.jpg,26,Mig31,"cloudy sky background, realistic atmosphere, aviation photography",2600059,True,,0.0,0.1,20,1,1,True,True,True,True
/content/data/processed/base/images/train/1efef1ac033066b55d05be7ff03ffd6a.jpg,/content/data/processed/synthetic_inpaint/images/train/1efef1ac033066b55d05be7ff03ffd6a_selective_c26_0018_s2600060.jpg,26,Mig31,"clear blue sky, sunlight, realistic aircraft photography",2600060,True,,0.0,0.1,20,2,2,True,True,True,True
/content/data/processed/base/images/train/1f6fbcfa7ecf5f243c7dc8c05d673548.jpg,/content/data/processed/synthetic_inpaint/images/train/1f6fbcfa7ecf5f243c7dc8c05d673548_selective_c26_0019_s2600061.jpg,26,Mig31,"desert airfield background, haze, realistic lighting",2600061,True,,0.0,0.1,20,1,1,True,True,True,True
/content/data/processed/base/images/train/229f46cbbd6782105c6ce2df4dd9bd03.jpg,/content/data/processed/synthetic_inpaint/images/train/229f46cbbd6782105c6ce2df4dd9bd03_selective_c26_0020_s2600062.jpg,26,Mig31,"realistic sky background, natural lighting, aviation photography, high resolution, realistic clouds",2600062,True,,0.0,0.1,20,1,1,True,True,True,True
/content/data/processed/base/images/train/2408bfdb522e32f50cfd1a8187e8c1e3.jpg,/content/data/processed/synthetic_inpaint/images/train/2408bfdb522e32f50cfd1a8187e8c1e3_selective_c26_0021_s2600063.jpg,26,Mig31,"realistic runway background, military airbase, natural lighting, aviation photography",2600063,True,,0.0,0.1,20,1,1,True,True,True,True
/content/data/processed/base/images/train/243231882efc9ed0e86c035784e70a9e.jpg,/content/data/processed/synthetic_inpaint/images/train/243231882efc9ed0e86c035784e70a9e_selective_c26_0022_s2600064.jpg,26,Mig31,"cloudy sky background, realistic atmosphere, aviation photography",2600064,True,,0.0,0.1,20,1,1,True,True,True,True
/content/data/processed/base/images/train/243c981f83392913d677b3804c8ab319.jpg,/content/data/processed/synthetic_inpaint/images/train/243c981f83392913d677b3804c8ab319_selective_c26_0023_s2600065.jpg,26,Mig31,"clear blue sky, sunlight, realistic aircraft photography",2600065,True,,0.0,0.1,20,4,4,True,True,True,True
/content/data/processed/base/images/train/2539de58ddad538d810a24023373df71.jpg,/content/data/processed/synthetic_inpaint/images/train/2539de58ddad538d810a24023373df71_selective_c26_0024_s2600066.jpg,26,Mig31,"desert airfield background, haze, realistic lighting",2600066,True,,0.0,0.1,20,1,1,True,True,True,True
/content/data/processed/base/images/train/254ce5225ace3385d875058872f65418.jpg,/content/data/processed/synthetic_inpaint/images/train/254ce5225ace3385d875058872f65418_selective_c26_0025_s2600067.jpg,26,Mig31,"realistic sky background, natural lighting, aviation photography, high resolution, realistic clouds",2600067,True,,0.0,0.1,20,1,1,True,True,True,True
/content/data/processed/base/images/train/26343bb7a1f01ed7cbbd3af51d9f44ba.jpg,/content/data/processed/synthetic_inpaint/images/train/26343bb7a1f01ed7cbbd3af51d9f44ba_selective_c26_0026_s2600068.jpg,26,Mig31,"realistic runway background, military airbase, natural lighting, aviation photography",2600068,True,,0.0,0.1,20,4,4,True,True,True,True
/content/data/processed/base/images/train/2812df333725f03773533fc5a2a41ee0.jpg,/content/data/processed/synthetic_inpaint/images/train/2812df333725f03773533fc5a2a41ee0_selective_c26_0027_s2600069.jpg,26,Mig31,"cloudy sky background, realistic atmosphere, aviation photography",2600069,True,,0.0,0.1,20,1,1,True,True,True,True
/content/data/processed/base/images/train/2887141afb15542d50a560352c809969.jpg,/content/data/processed/synthetic_inpaint/images/train/2887141afb15542d50a560352c809969_selective_c26_0028_s2600070.jpg,26,Mig31,"clear blue sky, sunlight, realistic aircraft photography",2600070,True,,0.0,0.1,20,4,4,True,True,True,True
/content/data/processed/base/images/train/2ed99d6917cc3a481ff316b7f91c17c5.jpg,/content/data/processed/synthetic_inpaint/images/train/2ed99d6917cc3a481ff316b7f91c17c5_selective_c26_0029_s2600071.jpg,26,Mig31,"desert airfield background, haze, realistic lighting",2600071,True,,0.0,0.1,20,1,1,True,True,True,True
/content/data/processed/base/images/train/30018bd937aa3713929fffdb26ceee1c.jpg,/content/data/processed/synthetic_inpaint/images/train/30018bd937aa3713929fffdb26ceee1c_selective_c26_0030_s2600072.jpg,26,Mig31,"realistic sky background, natural lighting, aviation photography, high resolution, realistic clouds",2600072,True,,0.0,0.1,20,2,2,True,True,True,True
/content/data/processed/base/images/train/3375b007eacc87b5af91053acb04d395.jpg,/content/data/processed/synthetic_inpaint/images/train/3375b007eacc87b5af91053acb04d395_selective_c26_0031_s2600073.jpg,26,Mig31,"realistic runway background, military airbase, natural lighting, aviation photography",2600073,True,,0.0,0.1,20,1,1,True,True,True,True
/content/data/processed/base/images/train/33fa7c3c8f9c1b3abff0866de027dac4.jpg,/content/data/processed/synthetic_inpaint/images/train/33fa7c3c8f9c1b3abff0866de027dac4_selective_c26_0032_s2600074.jpg,26,Mig31,"cloudy sky background, realistic atmosphere, aviation photography",2600074,True,,0.0,0.1,20,2,2,True,True,True,True
/content/data/processed/base/images/train/345c1bf537fd02ff4e920d084656e702.jpg,/content/data/processed/synthetic_inpaint/images/train/345c1bf537fd02ff4e920d084656e702_selective_c26_0033_s2600075.jpg,26,Mig31,"clear blue sky, sunlight, realistic aircraft photography",2600075,True,,0.0,0.1,20,1,1,True,True,True,True
/content/data/processed/base/images/train/3512f2d38983d0c3490c270645493b66.jpg,/content/data/processed/synthetic_inpaint/images/train/3512f2d38983d0c3490c270645493b66_selective_c26_0034_s2600076.jpg,26,Mig31,"desert airfield background, haze, realistic lighting",2600076,True,,0.0,0.1,20,2,2,True,True,True,True
/content/data/processed/base/images/train/36309e803c1df8bae4fcfb095ad8920d.jpg,/content/data/processed/synthetic_inpaint/images/train/36309e803c1df8bae4fcfb095ad8920d_selective_c26_0035_s2600077.jpg,26,Mig31,"realistic sky background, natural lighting, aviation photography, high resolution, realistic clouds",2600077,True,,0.0,0.1,20,1,1,True,True,True,True
/content/data/processed/base/images/train/366bdc4e5fc1e084bca38a13d8c45ac9.jpg,/content/data/processed/synthetic_inpaint/images/train/366bdc4e5fc1e084bca38a13d8c45ac9_selective_c26_0036_s2600078.jpg,26,Mig31,"realistic runway background, military airbase, natural lighting, aviation photography",2600078,True,,0.0,0.1,20,1,1,True,True,True,True
/content/data/processed/base/images/train/3682413661205abfe5cf0cfdc742b39f.jpg,/content/data/processed/synthetic_inpaint/images/train/3682413661205abfe5cf0cfdc742b39f_selective_c26_0037_s2600079.jpg,26,Mig31,"cloudy sky background, realistic atmosphere, aviation photography",2600079,True,,0.0,0.1,20,1,1,True,True,True,True
/content/data/processed/base/images/train/36c14188deb9874a987987359a761ec6.jpg,/content/data/processed/synthetic_inpaint/images/train/36c14188deb9874a987987359a761ec6_selective_c26_0038_s2600080.jpg,26,Mig31,"clear blue sky, sunlight, realistic aircraft photography",2600080,True,,0.0,0.1,20,1,1,True,True,True,True
/content/data/processed/base/images/train/3a261b0e326d2ded5c86567ade196d85.jpg,/content/data/processed/synthetic_inpaint/images/train/3a261b0e326d2ded5c86567ade196d85_selective_c26_0039_s2600081.jpg,26,Mig31,"desert airfield background, haze, realistic lighting",2600081,True,,0.0,0.1,20,4,4,True,True,True,True
/content/data/processed/base/images/train/3a569399a568cc4f0c8e903f0b3aa055.jpg,/content/data/processed/synthetic_inpaint/images/train/3a569399a568cc4f0c8e903f0b3aa055_selective_c26_0040_s2600082.jpg,26,Mig31,"realistic sky background, natural lighting, aviation photography, high resolution, realistic clouds",2600082,True,,0.0,0.1,20,1,1,True,True,True,True
/content/data/processed/base/images/train/3b5e574e93ec56d7b1228702ffba18e3.jpg,/content/data/processed/synthetic_inpaint/images/train/3b5e574e93ec56d7b1228702ffba18e3_selective_c26_0041_s2600083.jpg,26,Mig31,"realistic runway background, military airbase, natural lighting, aviation photography",2600083,True,,0.0,0.1,20,4,4,True,True,True,True
/content/data/processed/base/images/train/3e301901474d54cf4cfcaefcc7ddf7ab.jpg,/content/data/processed/synthetic_inpaint/images/train/3e301901474d54cf4cfcaefcc7ddf7ab_selective_c26_0042_s2600084.jpg,26,Mig31,"cloudy sky background, realistic atmosphere, aviation photography",2600084,True,,0.0,0.1,20,2,2,True,True,True,True
/content/data/processed/base/images/train/42468986e854d485eb8f969faa3bcc6d.jpg,/content/data/processed/synthetic_inpaint/images/train/42468986e854d485eb8f969faa3bcc6d_selective_c26_0043_s2600085.jpg,26,Mig31,"clear blue sky, sunlight, realistic aircraft photography",2600085,True,,0.0,0.1,20,1,1,True,True,True,True
/content/data/processed/base/images/train/46704c5929146d477572f60f3b726371.jpg,/content/data/processed/synthetic_inpaint/images/train/46704c5929146d477572f60f3b726371_selective_c26_0044_s2600086.jpg,26,Mig31,"desert airfield background, haze, realistic lighting",2600086,True,,0.0,0.1,20,2,2,True,True,True,True
/content/data/processed/base/images/train/481806b02a3bf589c36f6f192417e33d.jpg,/content/data/processed/synthetic_inpaint/images/train/481806b02a3bf589c36f6f192417e33d_selective_c26_0045_s2600087.jpg,26,Mig31,"realistic sky background, natural lighting, aviation photography, high resolution, realistic clouds",2600087,True,,0.0,0.1,20,1,1,True,True,True,True
/content/data/processed/base/images/train/48b9de0de65b1ed191940ae2b90a1cdc.jpg,/content/data/processed/synthetic_inpaint/images/train/48b9de0de65b1ed191940ae2b90a1cdc_selective_c26_0046_s2600088.jpg,26,Mig31,"realistic runway background, military airbase, natural lighting, aviation photography",2600088,True,,0.0,0.1,20,1,1,True,True,True,True
/content/data/processed/base/images/train/48f47de9e85eaac84f963d3fef699f69.jpg,/content/data/processed/synthetic_inpaint/images/train/48f47de9e85eaac84f963d3fef699f69_selective_c26_0047_s2600089.jpg,26,Mig31,"cloudy sky background, realistic atmosphere, aviation photography",2600089,True,,0.0,0.1,20,2,2,True,True,True,True
/content/data/processed/base/images/train/49ed5608daa3fb27ff0f3b06fd0d2431.jpg,/content/data/processed/synthetic_inpaint/images/train/49ed5608daa3fb27ff0f3b06fd0d2431_selective_c26_0048_s2600090.jpg,26,Mig31,"clear blue sky, sunlight, realistic aircraft photography",2600090,True,,0.0,0.1,20,2,2,True,True,True,True
/content/data/processed/base/images/train/4e953aec168cb5daf4b42690b656efa2.jpg,/content/data/processed/synthetic_inpaint/images/train/4e953aec168cb5daf4b42690b656efa2_selective_c26_0049_s2600091.jpg,26,Mig31,"desert airfield background, haze, realistic lighting",2600091,True,,0.0,0.1,20,2,2,True,True,True,True
/content/data/processed/base/images/train/4ec6b41eec792be31668208de7b309ae.jpg,/content/data/processed/synthetic_inpaint/images/train/4ec6b41eec792be31668208de7b309ae_selective_c26_0050_s2600092.jpg,26,Mig31,"realistic sky background, natural lighting, aviation photography, high resolution, realistic clouds",2600092,True,,0.0,0.1,20,1,1,True,True,True,True
/content/data/processed/base/images/train/500016730b0ec0f43377d2fee5fbbf91.jpg,/content/data/processed/synthetic_inpaint/images/train/500016730b0ec0f43377d2fee5fbbf91_selective_c26_0051_s2600093.jpg,26,Mig31,"realistic runway background, military airbase, natural lighting, aviation photography",2600093,True,,0.0,0.1,20,1,1,True,True,True,True
/content/data/processed/base/images/train/50eb735bdd6202a5b2b7b4c11c7fecba.jpg,/content/data/processed/synthetic_inpaint/images/train/50eb735bdd6202a5b2b7b4c11c7fecba_selective_c26_0052_s2600094.jpg,26,Mig31,"cloudy sky background, realistic atmosphere, aviation photography",2600094,True,,0.0,0.1,20,4,4,True,True,True,True
/content/data/processed/base/images/train/52ca30fbdd8e92ec08a4494aeab64cd4.jpg,/content/data/processed/synthetic_inpaint/images/train/52ca30fbdd8e92ec08a4494aeab64cd4_selective_c26_0053_s2600095.jpg,26,Mig31,"clear blue sky, sunlight, realistic aircraft photography",2600095,True,,0.0,0.1,20,1,1,True,True,True,True
/content/data/processed/base/images/train/52d769f568a9aef51d5d620419a94f9a.jpg,/content/data/processed/synthetic_inpaint/images/train/52d769f568a9aef51d5d620419a94f9a_selective_c26_0054_s2600096.jpg,26,Mig31,"desert airfield background, haze, realistic lighting",2600096,True,,0.0,0.1,20,3,3,True,True,True,True
/content/data/processed/base/images/train/537499874ef0ac570c7a622998b36454.jpg,/content/data/processed/synthetic_inpaint/images/train/537499874ef0ac570c7a622998b36454_selective_c26_0055_s2600097.jpg,26,Mig31,"realistic sky background, natural lighting, aviation photography, high resolution, realistic clouds",2600097,True,,0.0,0.1,20,1,1,True,True,True,True
/content/data/processed/base/images/train/54022164c7e335a168a487c04f9bad98.jpg,/content/data/processed/synthetic_inpaint/images/train/54022164c7e335a168a487c04f9bad98_selective_c26_0056_s2600098.jpg,26,Mig31,"realistic runway background, military airbase, natural lighting, aviation photography",2600098,True,,0.0,0.1,20,1,1,True,True,True,True
/content/data/processed/base/images/train/550e54f5165953b495970dfdd118b34e.jpg,/content/data/processed/synthetic_inpaint/images/train/550e54f5165953b495970dfdd118b34e_selective_c26_0057_s2600099.jpg,26,Mig31,"cloudy sky background, realistic atmosphere, aviation photography",2600099,True,,0.0,0.1,20,1,1,True,True,True,True
/content/data/processed/base/images/train/5607298791d45fc867f4ac2ea94f297c.jpg,/content/data/processed/synthetic_inpaint/images/train/5607298791d45fc867f4ac2ea94f297c_selective_c26_0058_s2600100.jpg,26,Mig31,"clear blue sky, sunlight, realistic aircraft photography",2600100,True,,0.0,0.1,20,1,1,True,True,True,True
/content/data/processed/base/images/train/59394d673a2a397a7dcbbd4a0bcf6997.jpg,/content/data/processed/synthetic_inpaint/images/train/59394d673a2a397a7dcbbd4a0bcf6997_selective_c26_0059_s2600101.jpg,26,Mig31,"desert airfield background, haze, realistic lighting",2600101,True,,0.0,0.1,20,1,1,True,True,True,True
/content/data/processed/base/images/train/5a0210cdf5cb6ddcbb322cbb6a25e7ff.jpg,/content/data/processed/synthetic_inpaint/images/train/5a0210cdf5cb6ddcbb322cbb6a25e7ff_selective_c26_0060_s2600102.jpg,26,Mig31,"realistic sky background, natural lighting, aviation photography, high resolution, realistic clouds",2600102,True,,0.0,0.1,20,1,1,True,True,True,True
/content/data/processed/base/images/train/5af81f69a66a2a8648f54d640dea78c4.jpg,/content/data/processed/synthetic_inpaint/images/train/5af81f69a66a2a8648f54d640dea78c4_selective_c26_0061_s2600103.jpg,26,Mig31,"realistic runway background, military airbase, natural lighting, aviation photography",2600103,True,,0.0,0.1,20,1,1,True,True,True,True
/content/data/processed/base/images/train/5cc02d3877bc9458da49ff161f4c8368.jpg,/content/data/processed/synthetic_inpaint/images/train/5cc02d3877bc9458da49ff161f4c8368_selective_c26_0062_s2600104.jpg,26,Mig31,"cloudy sky background, realistic atmosphere, aviation photography",2600104,True,,0.0,0.1,20,1,1,True,True,True,True
/content/data/processed/base/images/train/5ceae466241db327b32b92efbadfe4a9.jpg,/content/data/processed/synthetic_inpaint/images/train/5ceae466241db327b32b92efbadfe4a9_selective_c26_0063_s2600105.jpg,26,Mig31,"clear blue sky, sunlight, realistic aircraft photography",2600105,True,,0.0,0.1,20,1,1,True,True,True,True
/content/data/processed/base/images/train/5d63dcc0dbb05fc2dffcab7d773406fb.jpg,/content/data/processed/synthetic_inpaint/images/train/5d63dcc0dbb05fc2dffcab7d773406fb_selective_c26_0064_s2600106.jpg,26,Mig31,"desert airfield background, haze, realistic lighting",2600106,True,,0.0,0.1,20,1,1,True,True,True,True
/content/data/processed/base/images/train/5f08f63b16372a90aa2d9a2fdd387293.jpg,/content/data/processed/synthetic_inpaint/images/train/5f08f63b16372a90aa2d9a2fdd387293_selective_c26_0065_s2600107.jpg,26,Mig31,"realistic sky background, natural lighting, aviation photography, high resolution, realistic clouds",2600107,True,,0.0,0.1,20,4,4,True,True,True,True
/content/data/processed/base/images/train/61f082319f5056cc9080b21d76918a11.jpg,/content/data/processed/synthetic_inpaint/images/train/61f082319f5056cc9080b21d76918a11_selective_c26_0066_s2600108.jpg,26,Mig31,"realistic runway background, military airbase, natural lighting, aviation photography",2600108,True,,0.0,0.1,20,1,1,True,True,True,True
/content/data/processed/base/images/train/6267de5106d676c09429933f1622f9bd.jpg,/content/data/processed/synthetic_inpaint/images/train/6267de5106d676c09429933f1622f9bd_selective_c26_0067_s2600109.jpg,26,Mig31,"cloudy sky background, realistic atmosphere, aviation photography",2600109,True,,0.0,0.1,20,4,4,True,True,True,True
/content/data/processed/base/images/train/662d220d7534a7c22e064331d049f309.jpg,/content/data/processed/synthetic_inpaint/images/train/662d220d7534a7c22e064331d049f309_selective_c26_0068_s2600110.jpg,26,Mig31,"clear blue sky, sunlight, realistic aircraft photography",2600110,True,,0.0,0.1,20,1,1,True,True,True,True
/content/data/processed/base/images/train/67f207ce0094424d6e20f7ba0176ebbc.jpg,/content/data/processed/synthetic_inpaint/images/train/67f207ce0094424d6e20f7ba0176ebbc_selective_c26_0069_s2600111.jpg,26,Mig31,"desert airfield background, haze, realistic lighting",2600111,True,,0.0,0.1,20,1,1,True,True,True,True
/content/data/processed/base/images/train/6de9b653a6d88fed892ea8bfa12b2239.jpg,/content/data/processed/synthetic_inpaint/images/train/6de9b653a6d88fed892ea8bfa12b2239_selective_c26_0070_s2600112.jpg,26,Mig31,"realistic sky background, natural lighting, aviation photography, high resolution, realistic clouds",2600112,True,,0.0,0.1,20,1,1,True,True,True,True
/content/data/processed/base/images/train/6eb8dbd2816ae75a57a851cd19802c4a.jpg,/content/data/processed/synthetic_inpaint/images/train/6eb8dbd2816ae75a57a851cd19802c4a_selective_c26_0071_s2600113.jpg,26,Mig31,"realistic runway background, military airbase, natural lighting, aviation photography",2600113,True,,0.0,0.1,20,1,1,True,True,True,True
/content/data/processed/base/images/train/71f52f5c730ddd4a9c595839dbc1a930.jpg,/content/data/processed/synthetic_inpaint/images/train/71f52f5c730ddd4a9c595839dbc1a930_selective_c26_0072_s2600114.jpg,26,Mig31,"cloudy sky background, realistic atmosphere, aviation photography",2600114,True,,0.0,0.1,20,2,2,True,True,True,True
/content/data/processed/base/images/train/73656eb057cbd389202a6c40fa7bc0c2.jpg,/content/data/processed/synthetic_inpaint/images/train/73656eb057cbd389202a6c40fa7bc0c2_selective_c26_0073_s2600115.jpg,26,Mig31,"clear blue sky, sunlight, realistic aircraft photography",2600115,True,,0.0,0.1,20,1,1,True,True,True,True
/content/data/processed/base/images/train/76094dfd00104767af21ec3d0235794d.jpg,/content/data/processed/synthetic_inpaint/images/train/76094dfd00104767af21ec3d0235794d_selective_c26_0074_s2600116.jpg,26,Mig31,"desert airfield background, haze, realistic lighting",2600116,True,,0.0,0.1,20,1,1,True,True,True,True
/content/data/processed/base/images/train/79d3576d465c198d6e20698e5ea5c068.jpg,/content/data/processed/synthetic_inpaint/images/train/79d3576d465c198d6e20698e5ea5c068_selective_c26_0075_s2600117.jpg,26,Mig31,"realistic sky background, natural lighting, aviation photography, high resolution, realistic clouds",2600117,True,,0.0,0.1,20,1,1,True,True,True,True
/content/data/processed/base/images/train/7ac2b5810f1ffa066cd14e0884bc220f.jpg,/content/data/processed/synthetic_inpaint/images/train/7ac2b5810f1ffa066cd14e0884bc220f_selective_c26_0076_s2600118.jpg,26,Mig31,"realistic runway background, military airbase, natural lighting, aviation photography",2600118,True,,0.0,0.1,20,1,1,True,True,True,True
/content/data/processed/base/images/train/7af05c993e54ce6db678c63f2d8444ea.jpg,/content/data/processed/synthetic_inpaint/images/train/7af05c993e54ce6db678c63f2d8444ea_selective_c26_0077_s2600119.jpg,26,Mig31,"cloudy sky background, realistic atmosphere, aviation photography",2600119,True,,0.0,0.1,20,1,1,True,True,True,True
/content/data/processed/base/images/train/7b53a9ad6ee74c13b79983cfeffe8553.jpg,/content/data/processed/synthetic_inpaint/images/train/7b53a9ad6ee74c13b79983cfeffe8553_selective_c26_0078_s2600120.jpg,26,Mig31,"clear blue sky, sunlight, realistic aircraft photography",2600120,True,,0.0,0.1,20,1,1,True,True,True,True
/content/data/processed/base/images/train/7b681e1002d25fb5717f7250f04887e5.jpg,/content/data/processed/synthetic_inpaint/images/train/7b681e1002d25fb5717f7250f04887e5_selective_c26_0079_s2600121.jpg,26,Mig31,"desert airfield background, haze, realistic lighting",2600121,True,,0.0,0.1,20,1,1,True,True,True,True
/content/data/processed/base/images/train/0152de18ba102f814ea28f5719f866dc.jpg,/content/data/processed/synthetic_inpaint/images/train/0152de18ba102f814ea28f5719f866dc_selective_c29_0000_s2900042.jpg,29,RQ4,"realistic sky background, natural lighting, aviation photography, high resolution, realistic clouds",2900042,True,,0.0,0.1,20,8,8,True,True,True,True
/content/data/processed/base/images/train/01731aca78a6a1b8a90217714b0ba98d.jpg,/content/data/processed/synthetic_inpaint/images/train/01731aca78a6a1b8a90217714b0ba98d_selective_c29_0001_s2900043.jpg,29,RQ4,"realistic runway background, military airbase, natural lighting, aviation photography",2900043,True,,0.0,0.1,20,1,1,True,True,True,True
/content/data/processed/base/images/train/0173a2a50e5365c920224ed4de9bfad5.jpg,/content/data/processed/synthetic_inpaint/images/train/0173a2a50e5365c920224ed4de9bfad5_selective_c29_0002_s2900044.jpg,29,RQ4,"cloudy sky background, realistic atmosphere, aviation photography",2900044,True,,0.0,0.1,20,1,1,True,True,True,True
/content/data/processed/base/images/train/033bc90c4bbd6c066a5fe0ee608688fa.jpg,/content/data/processed/synthetic_inpaint/images/train/033bc90c4bbd6c066a5fe0ee608688fa_selective_c29_0003_s2900045.jpg,29,RQ4,"clear blue sky, sunlight, realistic aircraft photography",2900045,True,,0.0,0.1,20,1,1,True,True,True,True
/content/data/processed/base/images/train/04a3d479d3aaf701476a705526bde6ee.jpg,/content/data/processed/synthetic_inpaint/images/train/04a3d479d3aaf701476a705526bde6ee_selective_c29_0004_s2900046.jpg,29,RQ4,"desert airfield background, haze, realistic lighting",2900046,True,,0.0,0.1,20,1,1,True,True,True,True
/content/data/processed/base/images/train/050100f8dc99d0a84ab3c8d76752c898.jpg,/content/data/processed/synthetic_inpaint/images/train/050100f8dc99d0a84ab3c8d76752c898_selective_c29_0005_s2900047.jpg,29,RQ4,"realistic sky background, natural lighting, aviation photography, high resolution, realistic clouds",2900047,True,,0.0,0.1,20,1,1,True,True,True,True
/content/data/processed/base/images/train/05d8bf5da68795bb1e69b4e1375b4cce.jpg,/content/data/processed/synthetic_inpaint/images/train/05d8bf5da68795bb1e69b4e1375b4cce_selective_c29_0006_s2900048.jpg,29,RQ4,"realistic runway background, military airbase, natural lighting, aviation photography",2900048,True,,0.0,0.1,20,1,1,True,True,True,True
/content/data/processed/base/images/train/0610f3126fabbdfe056520595a9f0050.jpg,/content/data/processed/synthetic_inpaint/images/train/0610f3126fabbdfe056520595a9f0050_selective_c29_0007_s2900049.jpg,29,RQ4,"cloudy sky background, realistic atmosphere, aviation photography",2900049,True,,0.0,0.1,20,1,1,True,True,True,True
/content/data/processed/base/images/train/08106697b0b1bcceeae119cd177fc076.jpg,/content/data/processed/synthetic_inpaint/images/train/08106697b0b1bcceeae119cd177fc076_selective_c29_0008_s2900050.jpg,29,RQ4,"clear blue sky, sunlight, realistic aircraft photography",2900050,True,,0.0,0.1,20,1,1,True,True,True,True
/content/data/processed/base/images/train/083a5b968423355d025709fae99b2906.jpg,/content/data/processed/synthetic_inpaint/images/train/083a5b968423355d025709fae99b2906_selective_c29_0009_s2900051.jpg,29,RQ4,"desert airfield background, haze, realistic lighting",2900051,True,,0.0,0.1,20,1,1,True,True,True,True
/content/data/processed/base/images/train/09bbcf8086101b1b7c7bc2c3440b9c49.jpg,/content/data/processed/synthetic_inpaint/images/train/09bbcf8086101b1b7c7bc2c3440b9c49_selective_c29_0010_s2900052.jpg,29,RQ4,"realistic sky background, natural lighting, aviation photography, high resolution, realistic clouds",2900052,True,,0.0,0.1,20,1,1,True,True,True,True
/content/data/processed/base/images/train/09cc6ad6ad6bb017fa21047238ac6da9.jpg,/content/data/processed/synthetic_inpaint/images/train/09cc6ad6ad6bb017fa21047238ac6da9_selective_c29_0011_s2900053.jpg,29,RQ4,"realistic runway background, military airbase, natural lighting, aviation photography",2900053,True,,0.0,0.1,20,1,1,True,True,True,True
/content/data/processed/base/images/train/0a369680dee83f1d0b5e4c3cf72f1d28.jpg,/content/data/processed/synthetic_inpaint/images/train/0a369680dee83f1d0b5e4c3cf72f1d28_selective_c29_0012_s2900054.jpg,29,RQ4,"cloudy sky background, realistic atmosphere, aviation photography",2900054,True,,0.0,0.1,20,1,1,True,True,True,True
/content/data/processed/base/images/train/0b055ebbd6dff0088d6afcfa47a9ffe9.jpg,/content/data/processed/synthetic_inpaint/images/train/0b055ebbd6dff0088d6afcfa47a9ffe9_selective_c29_0013_s2900055.jpg,29,RQ4,"clear blue sky, sunlight, realistic aircraft photography",2900055,True,,0.0,0.1,20,1,1,True,True,True,True
/content/data/processed/base/images/train/10f69dc9491df46ad1ea0468ecf36930.jpg,/content/data/processed/synthetic_inpaint/images/train/10f69dc9491df46ad1ea0468ecf36930_selective_c29_0014_s2900056.jpg,29,RQ4,"desert airfield background, haze, realistic lighting",2900056,True,,0.0,0.1,20,1,1,True,True,True,True
/content/data/processed/base/images/train/154d987818a48ad30f64d940573c216a.jpg,/content/data/processed/synthetic_inpaint/images/train/154d987818a48ad30f64d940573c216a_selective_c29_0015_s2900057.jpg,29,RQ4,"realistic sky background, natural lighting, aviation photography, high resolution, realistic clouds",2900057,True,,0.0,0.1,20,1,1,True,True,True,True
/content/data/processed/base/images/train/165ac89cf10943ea5f3a5b7ddb9ea814.jpg,/content/data/processed/synthetic_inpaint/images/train/165ac89cf10943ea5f3a5b7ddb9ea814_selective_c29_0016_s2900058.jpg,29,RQ4,"realistic runway background, military airbase, natural lighting, aviation photography",2900058,True,,0.0,0.1,20,1,1,True,True,True,True
/content/data/processed/base/images/train/1905116b1b21fe4cdd084cc8c4953c63.jpg,/content/data/processed/synthetic_inpaint/images/train/1905116b1b21fe4cdd084cc8c4953c63_selective_c29_0017_s2900059.jpg,29,RQ4,"cloudy sky background, realistic atmosphere, aviation photography",2900059,True,,0.0,0.1,20,1,1,True,True,True,True
/content/data/processed/base/images/train/19b277a723e2bea7b5208f303a7eb566.jpg,/content/data/processed/synthetic_inpaint/images/train/19b277a723e2bea7b5208f303a7eb566_selective_c29_0018_s2900060.jpg,29,RQ4,"clear blue sky, sunlight, realistic aircraft photography",2900060,True,,0.0,0.1,20,2,2,True,True,True,True
/content/data/processed/base/images/train/1a971dbb6469b4de96d812f4909254d9.jpg,/content/data/processed/synthetic_inpaint/images/train/1a971dbb6469b4de96d812f4909254d9_selective_c29_0019_s2900061.jpg,29,RQ4,"desert airfield background, haze, realistic lighting",2900061,True,,0.0,0.1,20,1,1,True,True,True,True
/content/data/processed/base/images/train/1abe9440062803519291af6705d98ddc.jpg,/content/data/processed/synthetic_inpaint/images/train/1abe9440062803519291af6705d98ddc_selective_c29_0020_s2900062.jpg,29,RQ4,"realistic sky background, natural lighting, aviation photography, high resolution, realistic clouds",2900062,True,,0.0,0.1,20,3,3,True,True,True,True
/content/data/processed/base/images/train/1b48baf509fbe66e103d1db8e7ac34cb.jpg,/content/data/processed/synthetic_inpaint/images/train/1b48baf509fbe66e103d1db8e7ac34cb_selective_c29_0021_s2900063.jpg,29,RQ4,"realistic runway background, military airbase, natural lighting, aviation photography",2900063,True,,0.0,0.1,20,3,3,True,True,True,True
/content/data/processed/base/images/train/1c6433a4ba438b894fa1998a07687f31.jpg,/content/data/processed/synthetic_inpaint/images/train/1c6433a4ba438b894fa1998a07687f31_selective_c29_0022_s2900064.jpg,29,RQ4,"cloudy sky background, realistic atmosphere, aviation photography",2900064,True,,0.0,0.1,20,1,1,True,True,True,True
/content/data/processed/base/images/train/1c7d37664958e4756efd728033d97c9a.jpg,/content/data/processed/synthetic_inpaint/images/train/1c7d37664958e4756efd728033d97c9a_selective_c29_0023_s2900065.jpg,29,RQ4,"clear blue sky, sunlight, realistic aircraft photography",2900065,True,,0.0,0.1,20,4,4,True,True,True,True
/content/data/processed/base/images/train/1cc06952432174f2b8cb5dda424f6aaf.jpg,/content/data/processed/synthetic_inpaint/images/train/1cc06952432174f2b8cb5dda424f6aaf_selective_c29_0024_s2900066.jpg,29,RQ4,"desert airfield background, haze, realistic lighting",2900066,True,,0.0,0.1,20,1,1,True,True,True,True
/content/data/processed/base/images/train/1d221a52050c31d4021c867fee13b139.jpg,/content/data/processed/synthetic_inpaint/images/train/1d221a52050c31d4021c867fee13b139_selective_c29_0025_s2900067.jpg,29,RQ4,"realistic sky background, natural lighting, aviation photography, high resolution, realistic clouds",2900067,True,,0.0,0.1,20,1,1,True,True,True,True
/content/data/processed/base/images/train/1debc330581eae9d372c997040257fee.jpg,/content/data/processed/synthetic_inpaint/images/train/1debc330581eae9d372c997040257fee_selective_c29_0026_s2900068.jpg,29,RQ4,"realistic runway background, military airbase, natural lighting, aviation photography",2900068,True,,0.0,0.1,20,1,1,True,True,True,True
/content/data/processed/base/images/train/1fe2633d5d4caf258ebdad35d71dd9fe.jpg,/content/data/processed/synthetic_inpaint/images/train/1fe2633d5d4caf258ebdad35d71dd9fe_selective_c29_0027_s2900069.jpg,29,RQ4,"cloudy sky background, realistic atmosphere, aviation photography",2900069,True,,0.0,0.1,20,1,1,True,True,True,True
/content/data/processed/base/images/train/20e57389f62c5545eb18b93db3ff0f3e.jpg,/content/data/processed/synthetic_inpaint/images/train/20e57389f62c5545eb18b93db3ff0f3e_selective_c29_0028_s2900070.jpg,29,RQ4,"clear blue sky, sunlight, realistic aircraft photography",2900070,True,,0.0,0.1,20,1,1,True,True,True,True
/content/data/processed/base/images/train/24f80b0bacbe0428ab1ebdd7ac9db387.jpg,/content/data/processed/synthetic_inpaint/images/train/24f80b0bacbe0428ab1ebdd7ac9db387_selective_c29_0029_s2900071.jpg,29,RQ4,"desert airfield background, haze, realistic lighting",2900071,True,,0.0,0.1,20,1,1,True,True,True,True
/content/data/processed/base/images/train/275028f928a7740707789af15b01350c.jpg,/content/data/processed/synthetic_inpaint/images/train/275028f928a7740707789af15b01350c_selective_c29_0030_s2900072.jpg,29,RQ4,"realistic sky background, natural lighting, aviation photography, high resolution, realistic clouds",2900072,True,,0.0,0.1,20,1,1,True,True,True,True
/content/data/processed/base/images/train/2890c13ffa12262a9a53aa04bf86a7a7.jpg,/content/data/processed/synthetic_inpaint/images/train/2890c13ffa12262a9a53aa04bf86a7a7_selective_c29_0031_s2900073.jpg,29,RQ4,"realistic runway background, military airbase, natural lighting, aviation photography",2900073,True,,0.0,0.1,20,1,1,True,True,True,True
/content/data/processed/base/images/train/290c880658746ef46f6ca54e2fe2dc49.jpg,/content/data/processed/synthetic_inpaint/images/train/290c880658746ef46f6ca54e2fe2dc49_selective_c29_0032_s2900074.jpg,29,RQ4,"cloudy sky background, realistic atmosphere, aviation photography",2900074,True,,0.0,0.1,20,1,1,True,True,True,True
/content/data/processed/base/images/train/2984fed42d33817c347344d3e2d5d627.jpg,/content/data/processed/synthetic_inpaint/images/train/2984fed42d33817c347344d3e2d5d627_selective_c29_0033_s2900075.jpg,29,RQ4,"clear blue sky, sunlight, realistic aircraft photography",2900075,True,,0.0,0.1,20,1,1,True,True,True,True
/content/data/processed/base/images/train/2e003b1485753765cb24fa0e2dff20fd.jpg,/content/data/processed/synthetic_inpaint/images/train/2e003b1485753765cb24fa0e2dff20fd_selective_c29_0034_s2900076.jpg,29,RQ4,"desert airfield background, haze, realistic lighting",2900076,True,,0.0,0.1,20,1,1,True,True,True,True
/content/data/processed/base/images/train/2e3aa85c691a35b617a6d71cb88309f0.jpg,/content/data/processed/synthetic_inpaint/images/train/2e3aa85c691a35b617a6d71cb88309f0_selective_c29_0035_s2900077.jpg,29,RQ4,"realistic sky background, natural lighting, aviation photography, high resolution, realistic clouds",2900077,True,,0.0,0.1,20,1,1,True,True,True,True
/content/data/processed/base/images/train/2ea32a3a58d2b48358a68565973703d6.jpg,/content/data/processed/synthetic_inpaint/images/train/2ea32a3a58d2b48358a68565973703d6_selective_c29_0036_s2900078.jpg,29,RQ4,"realistic runway background, military airbase, natural lighting, aviation photography",2900078,True,,0.0,0.1,20,1,1,True,True,True,True
/content/data/processed/base/images/train/3065a9a4605a3c75f4dc181d74463fa6.jpg,/content/data/processed/synthetic_inpaint/images/train/3065a9a4605a3c75f4dc181d74463fa6_selective_c29_0037_s2900079.jpg,29,RQ4,"cloudy sky background, realistic atmosphere, aviation photography",2900079,True,,0.0,0.1,20,1,1,True,True,True,True
/content/data/processed/base/images/train/308492acfc5bb2f1c83faff81a75b768.jpg,/content/data/processed/synthetic_inpaint/images/train/308492acfc5bb2f1c83faff81a75b768_selective_c29_0038_s2900080.jpg,29,RQ4,"clear blue sky, sunlight, realistic aircraft photography",2900080,True,,0.0,0.1,20,2,2,True,True,True,True
/content/data/processed/base/images/train/30a829f68bea256a4748c4d59a1515a9.jpg,/content/data/processed/synthetic_inpaint/images/train/30a829f68bea256a4748c4d59a1515a9_selective_c29_0039_s2900081.jpg,29,RQ4,"desert airfield background, haze, realistic lighting",2900081,True,,0.0,0.1,20,1,1,True,True,True,True
/content/data/processed/base/images/train/31f37723feb7bbe1e47e03634b196fbe.jpg,/content/data/processed/synthetic_inpaint/images/train/31f37723feb7bbe1e47e03634b196fbe_selective_c29_0040_s2900082.jpg,29,RQ4,"realistic sky background, natural lighting, aviation photography, high resolution, realistic clouds",2900082,True,,0.0,0.1,20,1,1,True,True,True,True
/content/data/processed/base/images/train/31fb1ee1c0198f80d2df2c810abcfe48.jpg,/content/data/processed/synthetic_inpaint/images/train/31fb1ee1c0198f80d2df2c810abcfe48_selective_c29_0041_s2900083.jpg,29,RQ4,"realistic runway background, military airbase, natural lighting, aviation photography",2900083,True,,0.0,0.1,20,2,2,True,True,True,True
/content/data/processed/base/images/train/32e7bf323a3e3c38f4736aeb829304c8.jpg,/content/data/processed/synthetic_inpaint/images/train/32e7bf323a3e3c38f4736aeb829304c8_selective_c29_0042_s2900084.jpg,29,RQ4,"cloudy sky background, realistic atmosphere, aviation photography",2900084,True,,0.0,0.1,20,1,1,True,True,True,True
/content/data/processed/base/images/train/3720b722b794b1458ff27576878ae5a2.jpg,/content/data/processed/synthetic_inpaint/images/train/3720b722b794b1458ff27576878ae5a2_selective_c29_0043_s2900085.jpg,29,RQ4,"clear blue sky, sunlight, realistic aircraft photography",2900085,True,,0.0,0.1,20,1,1,True,True,True,True
/content/data/processed/base/images/train/3904beb6e94bd16c0169feafd06b5597.jpg,/content/data/processed/synthetic_inpaint/images/train/3904beb6e94bd16c0169feafd06b5597_selective_c29_0044_s2900086.jpg,29,RQ4,"desert airfield background, haze, realistic lighting",2900086,True,,0.0,0.1,20,1,1,True,True,True,True
/content/data/processed/base/images/train/3c777ad16ae518d0bb1c6abef4f90cf7.jpg,/content/data/processed/synthetic_inpaint/images/train/3c777ad16ae518d0bb1c6abef4f90cf7_selective_c29_0045_s2900087.jpg,29,RQ4,"realistic sky background, natural lighting, aviation photography, high resolution, realistic clouds",2900087,True,,0.0,0.1,20,1,1,True,True,True,True
/content/data/processed/base/images/train/3e976f0a17a566a8e75463a4ca9da269.jpg,/content/data/processed/synthetic_inpaint/images/train/3e976f0a17a566a8e75463a4ca9da269_selective_c29_0046_s2900088.jpg,29,RQ4,"realistic runway background, military airbase, natural lighting, aviation photography",2900088,True,,0.0,0.1,20,3,3,True,True,True,True
/content/data/processed/base/images/train/3f7cde5805439941b8be1f4cf562eec6.jpg,/content/data/processed/synthetic_inpaint/images/train/3f7cde5805439941b8be1f4cf562eec6_selective_c29_0047_s2900089.jpg,29,RQ4,"cloudy sky background, realistic atmosphere, aviation photography",2900089,True,,0.0,0.1,20,1,1,True,True,True,True
/content/data/processed/base/images/train/3fbbfe7681dc7ccfbf4c2c100ad42ea4.jpg,/content/data/processed/synthetic_inpaint/images/train/3fbbfe7681dc7ccfbf4c2c100ad42ea4_selective_c29_0048_s2900090.jpg,29,RQ4,"clear blue sky, sunlight, realistic aircraft photography",2900090,True,,0.0,0.1,20,2,2,True,True,True,True
/content/data/processed/base/images/train/429ee808ec8eafd077b65cf289d47765.jpg,/content/data/processed/synthetic_inpaint/images/train/429ee808ec8eafd077b65cf289d47765_selective_c29_0049_s2900091.jpg,29,RQ4,"desert airfield background, haze, realistic lighting",2900091,True,,0.0,0.1,20,1,1,True,True,True,True
/content/data/processed/base/images/train/468b850891f955dc176bceb21ef91149.jpg,/content/data/processed/synthetic_inpaint/images/train/468b850891f955dc176bceb21ef91149_selective_c29_0050_s2900092.jpg,29,RQ4,"realistic sky background, natural lighting, aviation photography, high resolution, realistic clouds",2900092,True,,0.0,0.1,20,2,2,True,True,True,True
/content/data/processed/base/images/train/476742c35dfdb2ba5202d444dc590bba.jpg,/content/data/processed/synthetic_inpaint/images/train/476742c35dfdb2ba5202d444dc590bba_selective_c29_0051_s2900093.jpg,29,RQ4,"realistic runway background, military airbase, natural lighting, aviation photography",2900093,True,,0.0,0.1,20,1,1,True,True,True,True
/content/data/processed/base/images/train/482151ac11e8a47e50940c65b9dca56a.jpg,/content/data/processed/synthetic_inpaint/images/train/482151ac11e8a47e50940c65b9dca56a_selective_c29_0052_s2900094.jpg,29,RQ4,"cloudy sky background, realistic atmosphere, aviation photography",2900094,True,,0.0,0.1,20,1,1,True,True,True,True
/content/data/processed/base/images/train/4d2b35ef1ede260b28b03755b9dcf83a.jpg,/content/data/processed/synthetic_inpaint/images/train/4d2b35ef1ede260b28b03755b9dcf83a_selective_c29_0053_s2900095.jpg,29,RQ4,"clear blue sky, sunlight, realistic aircraft photography",2900095,True,,0.0,0.1,20,1,1,True,True,True,True
/content/data/processed/base/images/train/4d59aac64765165e99133b4e1d0f717b.jpg,/content/data/processed/synthetic_inpaint/images/train/4d59aac64765165e99133b4e1d0f717b_selective_c29_0054_s2900096.jpg,29,RQ4,"desert airfield background, haze, realistic lighting",2900096,True,,0.0,0.1,20,1,1,True,True,True,True
/content/data/processed/base/images/train/4e917beb7f7d227059c790ce8f8b42fe.jpg,/content/data/processed/synthetic_inpaint/images/train/4e917beb7f7d227059c790ce8f8b42fe_selective_c29_0055_s2900097.jpg,29,RQ4,"realistic sky background, natural lighting, aviation photography, high resolution, realistic clouds",2900097,True,,0.0,0.1,20,1,1,True,True,True,True
/content/data/processed/base/images/train/51a1a99a77c36d7e937311ccd1046024.jpg,/content/data/processed/synthetic_inpaint/images/train/51a1a99a77c36d7e937311ccd1046024_selective_c29_0056_s2900098.jpg,29,RQ4,"realistic runway background, military airbase, natural lighting, aviation photography",2900098,True,,0.0,0.1,20,1,1,True,True,True,True
/content/data/processed/base/images/train/536b70d416e52a90f0f8b1c4493abe32.jpg,/content/data/processed/synthetic_inpaint/images/train/536b70d416e52a90f0f8b1c4493abe32_selective_c29_0057_s2900099.jpg,29,RQ4,"cloudy sky background, realistic atmosphere, aviation photography",2900099,True,,0.0,0.1,20,1,1,True,True,True,True
/content/data/processed/base/images/train/53a6564ac2e821ab5d23a76bcbad8f26.jpg,/content/data/processed/synthetic_inpaint/images/train/53a6564ac2e821ab5d23a76bcbad8f26_selective_c29_0058_s2900100.jpg,29,RQ4,"clear blue sky, sunlight, realistic aircraft photography",2900100,True,,0.0,0.1,20,1,1,True,True,True,True
/content/data/processed/base/images/train/5496311852ca1088c0a7eea1332dd9d0.jpg,/content/data/processed/synthetic_inpaint/images/train/5496311852ca1088c0a7eea1332dd9d0_selective_c29_0059_s2900101.jpg,29,RQ4,"desert airfield background, haze, realistic lighting",2900101,True,,0.0,0.1,20,2,2,True,True,True,True
/content/data/processed/base/images/train/54daf4f9aba1dcab7be0fa212a3b4654.jpg,/content/data/processed/synthetic_inpaint/images/train/54daf4f9aba1dcab7be0fa212a3b4654_selective_c29_0060_s2900102.jpg,29,RQ4,"realistic sky background, natural lighting, aviation photography, high resolution, realistic clouds",2900102,True,,0.0,0.1,20,1,1,True,True,True,True
/content/data/processed/base/images/train/55ce60b6a6de9da70031fb86e6134f0d.jpg,/content/data/processed/synthetic_inpaint/images/train/55ce60b6a6de9da70031fb86e6134f0d_selective_c29_0061_s2900103.jpg,29,RQ4,"realistic runway background, military airbase, natural lighting, aviation photography",2900103,True,,0.0,0.1,20,1,1,True,True,True,True
/content/data/processed/base/images/train/568d3d0477a7b902222e1ca4b7b12294.jpg,/content/data/processed/synthetic_inpaint/images/train/568d3d0477a7b902222e1ca4b7b12294_selective_c29_0062_s2900104.jpg,29,RQ4,"cloudy sky background, realistic atmosphere, aviation photography",2900104,True,,0.0,0.1,20,1,1,True,True,True,True
/content/data/processed/base/images/train/57d87a890f6016b5aa6cd36ba74767fd.jpg,/content/data/processed/synthetic_inpaint/images/train/57d87a890f6016b5aa6cd36ba74767fd_selective_c29_0063_s2900105.jpg,29,RQ4,"clear blue sky, sunlight, realistic aircraft photography",2900105,True,,0.0,0.1,20,1,1,True,True,True,True
/content/data/processed/base/images/train/5828efa3abb57064d5dcc767aba977d9.jpg,/content/data/processed/synthetic_inpaint/images/train/5828efa3abb57064d5dcc767aba977d9_selective_c29_0064_s2900106.jpg,29,RQ4,"desert airfield background, haze, realistic lighting",2900106,True,,0.0,0.1,20,2,2,True,True,True,True
/content/data/processed/base/images/train/5885145ffaf4252030e02efa1fd9ec10.jpg,/content/data/processed/synthetic_inpaint/images/train/5885145ffaf4252030e02efa1fd9ec10_selective_c29_0065_s2900107.jpg,29,RQ4,"realistic sky background, natural lighting, aviation photography, high resolution, realistic clouds",2900107,True,,0.0,0.1,20,1,1,True,True,True,True
/content/data/processed/base/images/train/588939f2068d79d705f320ae6db6a04c.jpg,/content/data/processed/synthetic_inpaint/images/train/588939f2068d79d705f320ae6db6a04c_selective_c29_0066_s2900108.jpg,29,RQ4,"realistic runway background, military airbase, natural lighting, aviation photography",2900108,True,,0.0,0.1,20,1,1,True,True,True,True
/content/data/processed/base/images/train/59b9e2d72f40bb3e7eb5e4b9cee57f4a.jpg,/content/data/processed/synthetic_inpaint/images/train/59b9e2d72f40bb3e7eb5e4b9cee57f4a_selective_c29_0067_s2900109.jpg,29,RQ4,"cloudy sky background, realistic atmosphere, aviation photography",2900109,True,,0.0,0.1,20,1,1,True,True,True,True
/content/data/processed/base/images/train/59e1d43b57f90388879e9da7599b3f75.jpg,/content/data/processed/synthetic_inpaint/images/train/59e1d43b57f90388879e9da7599b3f75_selective_c29_0068_s2900110.jpg,29,RQ4,"clear blue sky, sunlight, realistic aircraft photography",2900110,True,,0.0,0.1,20,1,1,True,True,True,True
/content/data/processed/base/images/train/5a6f456a147667640b8b232694b8521d.jpg,/content/data/processed/synthetic_inpaint/images/train/5a6f456a147667640b8b232694b8521d_selective_c29_0069_s2900111.jpg,29,RQ4,"desert airfield background, haze, realistic lighting",2900111,True,,0.0,0.1,20,1,1,True,True,True,True
/content/data/processed/base/images/train/5a73a2cf8251865f0b0f41bbefc536b6.jpg,/content/data/processed/synthetic_inpaint/images/train/5a73a2cf8251865f0b0f41bbefc536b6_selective_c29_0070_s2900112.jpg,29,RQ4,"realistic sky background, natural lighting, aviation photography, high resolution, realistic clouds",2900112,True,,0.0,0.1,20,1,1,True,True,True,True
/content/data/processed/base/images/train/5aed34ce8fc2ee09a6f6f8d28201bae5.jpg,/content/data/processed/synthetic_inpaint/images/train/5aed34ce8fc2ee09a6f6f8d28201bae5_selective_c29_0071_s2900113.jpg,29,RQ4,"realistic runway background, military airbase, natural lighting, aviation photography",2900113,True,,0.0,0.1,20,1,1,True,True,True,True
/content/data/processed/base/images/train/5b6ed9698df9f5853281d57ec51707e5.jpg,/content/data/processed/synthetic_inpaint/images/train/5b6ed9698df9f5853281d57ec51707e5_selective_c29_0072_s2900114.jpg,29,RQ4,"cloudy sky background, realistic atmosphere, aviation photography",2900114,True,,0.0,0.1,20,3,3,True,True,True,True
/content/data/processed/base/images/train/5bfc04ab278c2bc9698e00561952717e.jpg,/content/data/processed/synthetic_inpaint/images/train/5bfc04ab278c2bc9698e00561952717e_selective_c29_0073_s2900115.jpg,29,RQ4,"clear blue sky, sunlight, realistic aircraft photography",2900115,True,,0.0,0.1,20,2,2,True,True,True,True
/content/data/processed/base/images/train/5dfc30953b3080ba403682b47dbc4b39.jpg,/content/data/processed/synthetic_inpaint/images/train/5dfc30953b3080ba403682b47dbc4b39_selective_c29_0074_s2900116.jpg,29,RQ4,"desert airfield background, haze, realistic lighting",2900116,True,,0.0,0.1,20,1,1,True,True,True,True
/content/data/processed/base/images/train/5e31331bd8cdedb993ceaa823081ba81.jpg,/content/data/processed/synthetic_inpaint/images/train/5e31331bd8cdedb993ceaa823081ba81_selective_c29_0075_s2900117.jpg,29,RQ4,"realistic sky background, natural lighting, aviation photography, high resolution, realistic clouds",2900117,True,,0.0,0.1,20,2,2,True,True,True,True
/content/data/processed/base/images/train/60cd41b5baf547fba955c5ace4e3ec9a.jpg,/content/data/processed/synthetic_inpaint/images/train/60cd41b5baf547fba955c5ace4e3ec9a_selective_c29_0076_s2900118.jpg,29,RQ4,"realistic runway background, military airbase, natural lighting, aviation photography",2900118,True,,0.0,0.1,20,1,1,True,True,True,True
/content/data/processed/base/images/train/623e209da4e9aa3a7c5290607411141f.jpg,/content/data/processed/synthetic_inpaint/images/train/623e209da4e9aa3a7c5290607411141f_selective_c29_0077_s2900119.jpg,29,RQ4,"cloudy sky background, realistic atmosphere, aviation photography",2900119,True,,0.0,0.1,20,1,1,True,True,True,True
/content/data/processed/base/images/train/6272cc5f209ceda66ebcb236c7945e1e.jpg,/content/data/processed/synthetic_inpaint/images/train/6272cc5f209ceda66ebcb236c7945e1e_selective_c29_0078_s2900120.jpg,29,RQ4,"clear blue sky, sunlight, realistic aircraft photography",2900120,True,,0.0,0.1,20,2,2,True,True,True,True
/content/data/processed/base/images/train/63f1b271ce6125450e496287a774e4ec.jpg,/content/data/processed/synthetic_inpaint/images/train/63f1b271ce6125450e496287a774e4ec_selective_c29_0079_s2900121.jpg,29,RQ4,"desert airfield background, haze, realistic lighting",2900121,True,,0.0,0.1,20,1,1,True,True,True,True
/content/data/processed/base/images/train/021a559b6c0aa0ef049d86e27a1f6804.jpg,/content/data/processed/synthetic_inpaint/images/train/021a559b6c0aa0ef049d86e27a1f6804_selective_c32_0000_s3200042.jpg,32,Su34,"realistic sky background, natural lighting, aviation photography, high resolution, realistic clouds",3200042,True,,0.0,0.1,20,1,1,True,True,True,True
/content/data/processed/base/images/train/025b1fabecb7f37e355c0a0e0c6fdea0.jpg,/content/data/processed/synthetic_inpaint/images/train/025b1fabecb7f37e355c0a0e0c6fdea0_selective_c32_0001_s3200043.jpg,32,Su34,"realistic runway background, military airbase, natural lighting, aviation photography",3200043,True,,0.0,0.1,20,1,1,True,True,True,True
/content/data/processed/base/images/train/05bffd1eba22e9a331895fb4db3a7aa7.jpg,/content/data/processed/synthetic_inpaint/images/train/05bffd1eba22e9a331895fb4db3a7aa7_selective_c32_0002_s3200044.jpg,32,Su34,"cloudy sky background, realistic atmosphere, aviation photography",3200044,True,,0.0,0.1,20,1,1,True,True,True,True
/content/data/processed/base/images/train/0654487ceb6c83675fd911e8c04c46d9.jpg,/content/data/processed/synthetic_inpaint/images/train/0654487ceb6c83675fd911e8c04c46d9_selective_c32_0003_s3200045.jpg,32,Su34,"clear blue sky, sunlight, realistic aircraft photography",3200045,True,,0.0,0.1,20,1,1,True,True,True,True
/content/data/processed/base/images/train/08b69bd1e076392f0922f0fa87278ffc.jpg,/content/data/processed/synthetic_inpaint/images/train/08b69bd1e076392f0922f0fa87278ffc_selective_c32_0004_s3200046.jpg,32,Su34,"desert airfield background, haze, realistic lighting",3200046,True,,0.0,0.1,20,1,1,True,True,True,True
/content/data/processed/base/images/train/0b9662b72542d87074256370ed42d37e.jpg,/content/data/processed/synthetic_inpaint/images/train/0b9662b72542d87074256370ed42d37e_selective_c32_0005_s3200047.jpg,32,Su34,"realistic sky background, natural lighting, aviation photography, high resolution, realistic clouds",3200047,True,,0.0,0.1,20,2,2,True,True,True,True
/content/data/processed/base/images/train/0c749a154cc436292bce152ee75ba158.jpg,/content/data/processed/synthetic_inpaint/images/train/0c749a154cc436292bce152ee75ba158_selective_c32_0006_s3200048.jpg,32,Su34,"realistic runway background, military airbase, natural lighting, aviation photography",3200048,True,,0.0,0.1,20,1,1,True,True,True,True
/content/data/processed/base/images/train/0d4d1d4c8246d773af1ed31f1f790f5c.jpg,/content/data/processed/synthetic_inpaint/images/train/0d4d1d4c8246d773af1ed31f1f790f5c_selective_c32_0007_s3200049.jpg,32,Su34,"cloudy sky background, realistic atmosphere, aviation photography",3200049,True,,0.0,0.1,20,1,1,True,True,True,True
/content/data/processed/base/images/train/101f310063aa873935f62ec5437ecee7.jpg,/content/data/processed/synthetic_inpaint/images/train/101f310063aa873935f62ec5437ecee7_selective_c32_0008_s3200050.jpg,32,Su34,"clear blue sky, sunlight, realistic aircraft photography",3200050,True,,0.0,0.1,20,1,1,True,True,True,True
/content/data/processed/base/images/train/1239872e9306586165a67ba09a460a26.jpg,/content/data/processed/synthetic_inpaint/images/train/1239872e9306586165a67ba09a460a26_selective_c32_0009_s3200051.jpg,32,Su34,"desert airfield background, haze, realistic lighting",3200051,True,,0.0,0.1,20,1,1,True,True,True,True
/content/data/processed/base/images/train/13f67748b6902b69a7c59bb3db27b64d.jpg,/content/data/processed/synthetic_inpaint/images/train/13f67748b6902b69a7c59bb3db27b64d_selective_c32_0010_s3200052.jpg,32,Su34,"realistic sky background, natural lighting, aviation photography, high resolution, realistic clouds",3200052,True,,0.0,0.1,20,1,1,True,True,True,True
/content/data/processed/base/images/train/1431776b76382dbf7fdb233ae7a7f7b9.jpg,/content/data/processed/synthetic_inpaint/images/train/1431776b76382dbf7fdb233ae7a7f7b9_selective_c32_0011_s3200053.jpg,32,Su34,"realistic runway background, military airbase, natural lighting, aviation photography",3200053,True,,0.0,0.1,20,1,1,True,True,True,True
/content/data/processed/base/images/train/143776a5b35558d9f610558938da4872.jpg,/content/data/processed/synthetic_inpaint/images/train/143776a5b35558d9f610558938da4872_selective_c32_0012_s3200054.jpg,32,Su34,"cloudy sky background, realistic atmosphere, aviation photography",3200054,True,,0.0,0.1,20,1,1,True,True,True,True
/content/data/processed/base/images/train/16a24854015b56485ff36205c1aa6967.jpg,/content/data/processed/synthetic_inpaint/images/train/16a24854015b56485ff36205c1aa6967_selective_c32_0013_s3200055.jpg,32,Su34,"clear blue sky, sunlight, realistic aircraft photography",3200055,True,,0.0,0.1,20,1,1,True,True,True,True
/content/data/processed/base/images/train/181cb344491c0c94ab1e29c50b8c8c62.jpg,/content/data/processed/synthetic_inpaint/images/train/181cb344491c0c94ab1e29c50b8c8c62_selective_c32_0014_s3200056.jpg,32,Su34,"desert airfield background, haze, realistic lighting",3200056,True,,0.0,0.1,20,1,1,True,True,True,True
/content/data/processed/base/images/train/1929402babaa5aeef5558153d246db42.jpg,/content/data/processed/synthetic_inpaint/images/train/1929402babaa5aeef5558153d246db42_selective_c32_0015_s3200057.jpg,32,Su34,"realistic sky background, natural lighting, aviation photography, high resolution, realistic clouds",3200057,True,,0.0,0.1,20,1,1,True,True,True,True
/content/data/processed/base/images/train/19acc0d1231372cb2568dd66fe3770f3.jpg,/content/data/processed/synthetic_inpaint/images/train/19acc0d1231372cb2568dd66fe3770f3_selective_c32_0016_s3200058.jpg,32,Su34,"realistic runway background, military airbase, natural lighting, aviation photography",3200058,True,,0.0,0.1,20,1,1,True,True,True,True
/content/data/processed/base/images/train/1ac08cabe0dad68a0efea58e7da40c36.jpg,/content/data/processed/synthetic_inpaint/images/train/1ac08cabe0dad68a0efea58e7da40c36_selective_c32_0017_s3200059.jpg,32,Su34,"cloudy sky background, realistic atmosphere, aviation photography",3200059,True,,0.0,0.1,20,1,1,True,True,True,True
/content/data/processed/base/images/train/1b37048a42f7b130062f5ce52ea7efef.jpg,/content/data/processed/synthetic_inpaint/images/train/1b37048a42f7b130062f5ce52ea7efef_selective_c32_0018_s3200060.jpg,32,Su34,"clear blue sky, sunlight, realistic aircraft photography",3200060,True,,0.0,0.1,20,1,1,True,True,True,True
/content/data/processed/base/images/train/1b71f1e4548db354de83ac1b565b3b87.jpg,/content/data/processed/synthetic_inpaint/images/train/1b71f1e4548db354de83ac1b565b3b87_selective_c32_0019_s3200061.jpg,32,Su34,"desert airfield background, haze, realistic lighting",3200061,True,,0.0,0.1,20,1,1,True,True,True,True
/content/data/processed/base/images/train/1c20ed267bb93371e8394a5aa135c5a2.jpg,/content/data/processed/synthetic_inpaint/images/train/1c20ed267bb93371e8394a5aa135c5a2_selective_c32_0020_s3200062.jpg,32,Su34,"realistic sky background, natural lighting, aviation photography, high resolution, realistic clouds",3200062,True,,0.0,0.1,20,1,1,True,True,True,True
/content/data/processed/base/images/train/231a51e06f4598fd2fc2438f7ade5619.jpg,/content/data/processed/synthetic_inpaint/images/train/231a51e06f4598fd2fc2438f7ade5619_selective_c32_0021_s3200063.jpg,32,Su34,"realistic runway background, military airbase, natural lighting, aviation photography",3200063,True,,0.0,0.1,20,1,1,True,True,True,True
/content/data/processed/base/images/train/24009c0972c5589867b8c3c73e4a2e46.jpg,/content/data/processed/synthetic_inpaint/images/train/24009c0972c5589867b8c3c73e4a2e46_selective_c32_0022_s3200064.jpg,32,Su34,"cloudy sky background, realistic atmosphere, aviation photography",3200064,True,,0.0,0.1,20,1,1,True,True,True,True
/content/data/processed/base/images/train/2485743633a84f52644fe0305a0f9ab6.jpg,/content/data/processed/synthetic_inpaint/images/train/2485743633a84f52644fe0305a0f9ab6_selective_c32_0023_s3200065.jpg,32,Su34,"clear blue sky, sunlight, realistic aircraft photography",3200065,True,,0.0,0.1,20,3,3,True,True,True,True
/content/data/processed/base/images/train/279f93338a10f42b5692036ec5dd6d4d.jpg,/content/data/processed/synthetic_inpaint/images/train/279f93338a10f42b5692036ec5dd6d4d_selective_c32_0024_s3200066.jpg,32,Su34,"desert airfield background, haze, realistic lighting",3200066,True,,0.0,0.1,20,1,1,True,True,True,True
/content/data/processed/base/images/train/2809b0990e645c2d0805a20075ba5162.jpg,/content/data/processed/synthetic_inpaint/images/train/2809b0990e645c2d0805a20075ba5162_selective_c32_0025_s3200067.jpg,32,Su34,"realistic sky background, natural lighting, aviation photography, high resolution, realistic clouds",3200067,True,,0.0,0.1,20,1,1,True,True,True,True
/content/data/processed/base/images/train/28681c758ffb0aecf458173cfb700c41.jpg,/content/data/processed/synthetic_inpaint/images/train/28681c758ffb0aecf458173cfb700c41_selective_c32_0026_s3200068.jpg,32,Su34,"realistic runway background, military airbase, natural lighting, aviation photography",3200068,True,,0.0,0.1,20,1,1,True,True,True,True
/content/data/processed/base/images/train/28d6a537522790d845225e90add37c27.jpg,/content/data/processed/synthetic_inpaint/images/train/28d6a537522790d845225e90add37c27_selective_c32_0027_s3200069.jpg,32,Su34,"cloudy sky background, realistic atmosphere, aviation photography",3200069,True,,0.0,0.1,20,1,1,True,True,True,True
/content/data/processed/base/images/train/28e6932fa0acbdb7d1508a337c960c72.jpg,/content/data/processed/synthetic_inpaint/images/train/28e6932fa0acbdb7d1508a337c960c72_selective_c32_0028_s3200070.jpg,32,Su34,"clear blue sky, sunlight, realistic aircraft photography",3200070,True,,0.0,0.1,20,1,1,True,True,True,True
/content/data/processed/base/images/train/2b22f78310c8b9f1881ced23a9ecadef.jpg,/content/data/processed/synthetic_inpaint/images/train/2b22f78310c8b9f1881ced23a9ecadef_selective_c32_0029_s3200071.jpg,32,Su34,"desert airfield background, haze, realistic lighting",3200071,True,,0.0,0.1,20,1,1,True,True,True,True
/content/data/processed/base/images/train/2c0bb122ff734d91283644ee00cbde08.jpg,/content/data/processed/synthetic_inpaint/images/train/2c0bb122ff734d91283644ee00cbde08_selective_c32_0030_s3200072.jpg,32,Su34,"realistic sky background, natural lighting, aviation photography, high resolution, realistic clouds",3200072,True,,0.0,0.1,20,4,4,True,True,True,True
/content/data/processed/base/images/train/2cf0ac4abb7cc935a08379ca92703d76.jpg,/content/data/processed/synthetic_inpaint/images/train/2cf0ac4abb7cc935a08379ca92703d76_selective_c32_0031_s3200073.jpg,32,Su34,"realistic runway background, military airbase, natural lighting, aviation photography",3200073,True,,0.0,0.1,20,1,1,True,True,True,True
/content/data/processed/base/images/train/2e2d9e4a21bf2db52ea75731e15b4a7a.jpg,/content/data/processed/synthetic_inpaint/images/train/2e2d9e4a21bf2db52ea75731e15b4a7a_selective_c32_0032_s3200074.jpg,32,Su34,"cloudy sky background, realistic atmosphere, aviation photography",3200074,True,,0.0,0.1,20,1,1,True,True,True,True
/content/data/processed/base/images/train/2ec1742574c33ee0dc77c0e58c605c9e.jpg,/content/data/processed/synthetic_inpaint/images/train/2ec1742574c33ee0dc77c0e58c605c9e_selective_c32_0033_s3200075.jpg,32,Su34,"clear blue sky, sunlight, realistic aircraft photography",3200075,True,,0.0,0.1,20,2,2,True,True,True,True
/content/data/processed/base/images/train/2ed9b01d8ac99ec4b560a056252800ba.jpg,/content/data/processed/synthetic_inpaint/images/train/2ed9b01d8ac99ec4b560a056252800ba_selective_c32_0034_s3200076.jpg,32,Su34,"desert airfield background, haze, realistic lighting",3200076,True,,0.0,0.1,20,1,1,True,True,True,True
/content/data/processed/base/images/train/2fd4e3427ecb82a1b4dc040e6205884b.jpg,/content/data/processed/synthetic_inpaint/images/train/2fd4e3427ecb82a1b4dc040e6205884b_selective_c32_0035_s3200077.jpg,32,Su34,"realistic sky background, natural lighting, aviation photography, high resolution, realistic clouds",3200077,True,,0.0,0.1,20,1,1,True,True,True,True
/content/data/processed/base/images/train/30883f13a22ff5acc2f02105679007f4.jpg,/content/data/processed/synthetic_inpaint/images/train/30883f13a22ff5acc2f02105679007f4_selective_c32_0036_s3200078.jpg,32,Su34,"realistic runway background, military airbase, natural lighting, aviation photography",3200078,True,,0.0,0.1,20,1,1,True,True,True,True
/content/data/processed/base/images/train/30f9b1aeef03834420a66a9a3effc0f3.jpg,/content/data/processed/synthetic_inpaint/images/train/30f9b1aeef03834420a66a9a3effc0f3_selective_c32_0037_s3200079.jpg,32,Su34,"cloudy sky background, realistic atmosphere, aviation photography",3200079,True,,0.0,0.1,20,1,1,True,True,True,True
/content/data/processed/base/images/train/30fb9e12acafcdfde418f42b2a60eb6c.jpg,/content/data/processed/synthetic_inpaint/images/train/30fb9e12acafcdfde418f42b2a60eb6c_selective_c32_0038_s3200080.jpg,32,Su34,"clear blue sky, sunlight, realistic aircraft photography",3200080,True,,0.0,0.1,20,1,1,True,True,True,True
/content/data/processed/base/images/train/34c7891a2499e9b05ad6b60229c90e77.jpg,/content/data/processed/synthetic_inpaint/images/train/34c7891a2499e9b05ad6b60229c90e77_selective_c32_0039_s3200081.jpg,32,Su34,"desert airfield background, haze, realistic lighting",3200081,True,,0.0,0.1,20,1,1,True,True,True,True
/content/data/processed/base/images/train/34f4a54d430bf986fabe385c51f740a8.jpg,/content/data/processed/synthetic_inpaint/images/train/34f4a54d430bf986fabe385c51f740a8_selective_c32_0040_s3200082.jpg,32,Su34,"realistic sky background, natural lighting, aviation photography, high resolution, realistic clouds",3200082,True,,0.0,0.1,20,1,1,True,True,True,True
/content/data/processed/base/images/train/368d72b389bdcb2c6bcc6a71d7b5beb2.jpg,/content/data/processed/synthetic_inpaint/images/train/368d72b389bdcb2c6bcc6a71d7b5beb2_selective_c32_0041_s3200083.jpg,32,Su34,"realistic runway background, military airbase, natural lighting, aviation photography",3200083,True,,0.0,0.1,20,1,1,True,True,True,True
/content/data/processed/base/images/train/375a3e8a58bc14255548793aa46c6ca6.jpg,/content/data/processed/synthetic_inpaint/images/train/375a3e8a58bc14255548793aa46c6ca6_selective_c32_0042_s3200084.jpg,32,Su34,"cloudy sky background, realistic atmosphere, aviation photography",3200084,True,,0.0,0.1,20,1,1,True,True,True,True
/content/data/processed/base/images/train/37864cde0d3e3724401bdb879b9c8db4.jpg,/content/data/processed/synthetic_inpaint/images/train/37864cde0d3e3724401bdb879b9c8db4_selective_c32_0043_s3200085.jpg,32,Su34,"clear blue sky, sunlight, realistic aircraft photography",3200085,True,,0.0,0.1,20,3,3,True,True,True,True
/content/data/processed/base/images/train/3933de96baf342e1bca9646630b35b85.jpg,/content/data/processed/synthetic_inpaint/images/train/3933de96baf342e1bca9646630b35b85_selective_c32_0044_s3200086.jpg,32,Su34,"desert airfield background, haze, realistic lighting",3200086,True,,0.0,0.1,20,2,2,True,True,True,True
/content/data/processed/base/images/train/3be9cd64ec3f8e586a8def590e2b136c.jpg,/content/data/processed/synthetic_inpaint/images/train/3be9cd64ec3f8e586a8def590e2b136c_selective_c32_0045_s3200087.jpg,32,Su34,"realistic sky background, natural lighting, aviation photography, high resolution, realistic clouds",3200087,True,,0.0,0.1,20,1,1,True,True,True,True
/content/data/processed/base/images/train/3d90ff464ba3d019fdd5271d8bff190b.jpg,/content/data/processed/synthetic_inpaint/images/train/3d90ff464ba3d019fdd5271d8bff190b_selective_c32_0046_s3200088.jpg,32,Su34,"realistic runway background, military airbase, natural lighting, aviation photography",3200088,True,,0.0,0.1,20,1,1,True,True,True,True
/content/data/processed/base/images/train/3ea71a7a56da309d8f490f8ae71f859f.jpg,/content/data/processed/synthetic_inpaint/images/train/3ea71a7a56da309d8f490f8ae71f859f_selective_c32_0047_s3200089.jpg,32,Su34,"cloudy sky background, realistic atmosphere, aviation photography",3200089,True,,0.0,0.1,20,1,1,True,True,True,True
/content/data/processed/base/images/train/40d6b66098f6bca688d1a4a06163728e.jpg,/content/data/processed/synthetic_inpaint/images/train/40d6b66098f6bca688d1a4a06163728e_selective_c32_0048_s3200090.jpg,32,Su34,"clear blue sky, sunlight, realistic aircraft photography",3200090,True,,0.0,0.1,20,1,1,True,True,True,True
/content/data/processed/base/images/train/411083d3d6239e0104d1528182900d0f.jpg,/content/data/processed/synthetic_inpaint/images/train/411083d3d6239e0104d1528182900d0f_selective_c32_0049_s3200091.jpg,32,Su34,"desert airfield background, haze, realistic lighting",3200091,True,,0.0,0.1,20,1,1,True,True,True,True
/content/data/processed/base/images/train/41417c88e9f7b6dd4b4f12ab20d27ab8.jpg,/content/data/processed/synthetic_inpaint/images/train/41417c88e9f7b6dd4b4f12ab20d27ab8_selective_c32_0050_s3200092.jpg,32,Su34,"realistic sky background, natural lighting, aviation photography, high resolution, realistic clouds",3200092,True,,0.0,0.1,20,1,1,True,True,True,True
/content/data/processed/base/images/train/41ceb5c5e80d15b2285f6dcd25615d41.jpg,/content/data/processed/synthetic_inpaint/images/train/41ceb5c5e80d15b2285f6dcd25615d41_selective_c32_0051_s3200093.jpg,32,Su34,"realistic runway background, military airbase, natural lighting, aviation photography",3200093,True,,0.0,0.1,20,1,1,True,True,True,True
/content/data/processed/base/images/train/43c244b93e9dafda95cc2599c8f49e96.jpg,/content/data/processed/synthetic_inpaint/images/train/43c244b93e9dafda95cc2599c8f49e96_selective_c32_0052_s3200094.jpg,32,Su34,"cloudy sky background, realistic atmosphere, aviation photography",3200094,True,,0.0,0.1,20,2,2,True,True,True,True
/content/data/processed/base/images/train/44740e20847406dae2c6e50db135a8b8.jpg,/content/data/processed/synthetic_inpaint/images/train/44740e20847406dae2c6e50db135a8b8_selective_c32_0053_s3200095.jpg,32,Su34,"clear blue sky, sunlight, realistic aircraft photography",3200095,True,,0.0,0.1,20,1,1,True,True,True,True
/content/data/processed/base/images/train/44cd4c5d8432d9bbd68a5d9ee3398220.jpg,/content/data/processed/synthetic_inpaint/images/train/44cd4c5d8432d9bbd68a5d9ee3398220_selective_c32_0054_s3200096.jpg,32,Su34,"desert airfield background, haze, realistic lighting",3200096,True,,0.0,0.1,20,1,1,True,True,True,True
/content/data/processed/base/images/train/4a8ad930c56184d9210d84bc79505fe2.jpg,/content/data/processed/synthetic_inpaint/images/train/4a8ad930c56184d9210d84bc79505fe2_selective_c32_0055_s3200097.jpg,32,Su34,"realistic sky background, natural lighting, aviation photography, high resolution, realistic clouds",3200097,True,,0.0,0.1,20,1,1,True,True,True,True
/content/data/processed/base/images/train/4b627339cad2526330680b52a22406cb.jpg,/content/data/processed/synthetic_inpaint/images/train/4b627339cad2526330680b52a22406cb_selective_c32_0056_s3200098.jpg,32,Su34,"realistic runway background, military airbase, natural lighting, aviation photography",3200098,True,,0.0,0.1,20,1,1,True,True,True,True
/content/data/processed/base/images/train/4c9a5db66d2bc5acf96d9e2c5f55dab5.jpg,/content/data/processed/synthetic_inpaint/images/train/4c9a5db66d2bc5acf96d9e2c5f55dab5_selective_c32_0057_s3200099.jpg,32,Su34,"cloudy sky background, realistic atmosphere, aviation photography",3200099,True,,0.0,0.1,20,1,1,True,True,True,True
/content/data/processed/base/images/train/4cd2f6d89464e35a178eaed0d7203bb7.jpg,/content/data/processed/synthetic_inpaint/images/train/4cd2f6d89464e35a178eaed0d7203bb7_selective_c32_0058_s3200100.jpg,32,Su34,"clear blue sky, sunlight, realistic aircraft photography",3200100,True,,0.0,0.1,20,1,1,True,True,True,True
/content/data/processed/base/images/train/54ffb4de4fd179bc9eef08f668ce07e2.jpg,/content/data/processed/synthetic_inpaint/images/train/54ffb4de4fd179bc9eef08f668ce07e2_selective_c32_0059_s3200101.jpg,32,Su34,"desert airfield background, haze, realistic lighting",3200101,True,,0.0,0.1,20,1,1,True,True,True,True
/content/data/processed/base/images/train/55a939d71d90a5f6ff8e7aed77e4ff24.jpg,/content/data/processed/synthetic_inpaint/images/train/55a939d71d90a5f6ff8e7aed77e4ff24_selective_c32_0060_s3200102.jpg,32,Su34,"realistic sky background, natural lighting, aviation photography, high resolution, realistic clouds",3200102,True,,0.0,0.1,20,1,1,True,True,True,True
/content/data/processed/base/images/train/5b2cbf9db0f8aeaa785752f32c6e5297.jpg,/content/data/processed/synthetic_inpaint/images/train/5b2cbf9db0f8aeaa785752f32c6e5297_selective_c32_0061_s3200103.jpg,32,Su34,"realistic runway background, military airbase, natural lighting, aviation photography",3200103,True,,0.0,0.1,20,1,1,True,True,True,True
/content/data/processed/base/images/train/5b582cfadf16803df0bde76abda2c4ed.jpg,/content/data/processed/synthetic_inpaint/images/train/5b582cfadf16803df0bde76abda2c4ed_selective_c32_0062_s3200104.jpg,32,Su34,"cloudy sky background, realistic atmosphere, aviation photography",3200104,True,,0.0,0.1,20,1,1,True,True,True,True
/content/data/processed/base/images/train/5e6d4f6fded4fd58227be4c022a4e7ec.jpg,/content/data/processed/synthetic_inpaint/images/train/5e6d4f6fded4fd58227be4c022a4e7ec_selective_c32_0063_s3200105.jpg,32,Su34,"clear blue sky, sunlight, realistic aircraft photography",3200105,True,,0.0,0.1,20,1,1,True,True,True,True
/content/data/processed/base/images/train/5ec84f5caacbf8ff76539951c20fb369.jpg,/content/data/processed/synthetic_inpaint/images/train/5ec84f5caacbf8ff76539951c20fb369_selective_c32_0064_s3200106.jpg,32,Su34,"desert airfield background, haze, realistic lighting",3200106,True,,0.0,0.1,20,2,2,True,True,True,True
/content/data/processed/base/images/train/6109bbf7d5c48b9948608ff268df8733.jpg,/content/data/processed/synthetic_inpaint/images/train/6109bbf7d5c48b9948608ff268df8733_selective_c32_0065_s3200107.jpg,32,Su34,"realistic sky background, natural lighting, aviation photography, high resolution, realistic clouds",3200107,True,,0.0,0.1,20,1,1,True,True,True,True
/content/data/processed/base/images/train/621877bcfa04f21edaa911ddc92451a4.jpg,/content/data/processed/synthetic_inpaint/images/train/621877bcfa04f21edaa911ddc92451a4_selective_c32_0066_s3200108.jpg,32,Su34,"realistic runway background, military airbase, natural lighting, aviation photography",3200108,True,,0.0,0.1,20,1,1,True,True,True,True
/content/data/processed/base/images/train/62504af0ffaccf4254b0a8cd6b98b460.jpg,/content/data/processed/synthetic_inpaint/images/train/62504af0ffaccf4254b0a8cd6b98b460_selective_c32_0067_s3200109.jpg,32,Su34,"cloudy sky background, realistic atmosphere, aviation photography",3200109,True,,0.0,0.1,20,3,3,True,True,True,True
/content/data/processed/base/images/train/626945bfb2c716be406bfc6d034d4632.jpg,/content/data/processed/synthetic_inpaint/images/train/626945bfb2c716be406bfc6d034d4632_selective_c32_0068_s3200110.jpg,32,Su34,"clear blue sky, sunlight, realistic aircraft photography",3200110,True,,0.0,0.1,20,3,3,True,True,True,True
/content/data/processed/base/images/train/636fef2c1984dfc420e316e51b6d2a6b.jpg,/content/data/processed/synthetic_inpaint/images/train/636fef2c1984dfc420e316e51b6d2a6b_selective_c32_0069_s3200111.jpg,32,Su34,"desert airfield background, haze, realistic lighting",3200111,True,,0.0,0.1,20,1,1,True,True,True,True
/content/data/processed/base/images/train/63f1773aefc061950fffa7dcfbcf60ca.jpg,/content/data/processed/synthetic_inpaint/images/train/63f1773aefc061950fffa7dcfbcf60ca_selective_c32_0070_s3200112.jpg,32,Su34,"realistic sky background, natural lighting, aviation photography, high resolution, realistic clouds",3200112,True,,0.0,0.1,20,1,1,True,True,True,True
/content/data/processed/base/images/train/63fdb67a77e754ba6b9665810ffecdc5.jpg,/content/data/processed/synthetic_inpaint/images/train/63fdb67a77e754ba6b9665810ffecdc5_selective_c32_0071_s3200113.jpg,32,Su34,"realistic runway background, military airbase, natural lighting, aviation photography",3200113,True,,0.0,0.1,20,1,1,True,True,True,True
/content/data/processed/base/images/train/653534744beaf31f92be4b871b17005f.jpg,/content/data/processed/synthetic_inpaint/images/train/653534744beaf31f92be4b871b17005f_selective_c32_0072_s3200114.jpg,32,Su34,"cloudy sky background, realistic atmosphere, aviation photography",3200114,True,,0.0,0.1,20,1,1,True,True,True,True
/content/data/processed/base/images/train/655c4da365f17d625d77407c643206aa.jpg,/content/data/processed/synthetic_inpaint/images/train/655c4da365f17d625d77407c643206aa_selective_c32_0073_s3200115.jpg,32,Su34,"clear blue sky, sunlight, realistic aircraft photography",3200115,True,,0.0,0.1,20,1,1,True,True,True,True
/content/data/processed/base/images/train/65ecd06624fc96d825e4654757f7a9e8.jpg,/content/data/processed/synthetic_inpaint/images/train/65ecd06624fc96d825e4654757f7a9e8_selective_c32_0074_s3200116.jpg,32,Su34,"desert airfield background, haze, realistic lighting",3200116,True,,0.0,0.1,20,4,4,True,True,True,True
/content/data/processed/base/images/train/66a4afec53aa5009c6b2e4b984619673.jpg,/content/data/processed/synthetic_inpaint/images/train/66a4afec53aa5009c6b2e4b984619673_selective_c32_0075_s3200117.jpg,32,Su34,"realistic sky background, natural lighting, aviation photography, high resolution, realistic clouds",3200117,True,,0.0,0.1,20,1,1,True,True,True,True
/content/data/processed/base/images/train/6760777e3cca2daeb00399d961e1efbe.jpg,/content/data/processed/synthetic_inpaint/images/train/6760777e3cca2daeb00399d961e1efbe_selective_c32_0076_s3200118.jpg,32,Su34,"realistic runway background, military airbase, natural lighting, aviation photography",3200118,True,,0.0,0.1,20,2,2,True,True,True,True
/content/data/processed/base/images/train/6bb1e9c431d108e45021ef9c61282678.jpg,/content/data/processed/synthetic_inpaint/images/train/6bb1e9c431d108e45021ef9c61282678_selective_c32_0077_s3200119.jpg,32,Su34,"cloudy sky background, realistic atmosphere, aviation photography",3200119,True,,0.0,0.1,20,1,1,True,True,True,True
/content/data/processed/base/images/train/6cbb7ad04513bb67ccd290547eafcf36.jpg,/content/data/processed/synthetic_inpaint/images/train/6cbb7ad04513bb67ccd290547eafcf36_selective_c32_0078_s3200120.jpg,32,Su34,"clear blue sky, sunlight, realistic aircraft photography",3200120,True,,0.0,0.1,20,1,1,True,True,True,True
/content/data/processed/base/images/train/6f6b3faf696034538993b30f64d0a0b6.jpg,/content/data/processed/synthetic_inpaint/images/train/6f6b3faf696034538993b30f64d0a0b6_selective_c32_0079_s3200121.jpg,32,Su34,"desert airfield background, haze, realistic lighting",3200121,True,,0.0,0.1,20,1,1,True,True,True,True
/content/data/processed/base/images/train/000ec980b5b17156a55093b4bd6004ab.jpg,/content/data/processed/synthetic_inpaint/images/train/000ec980b5b17156a55093b4bd6004ab_selective_c7_0000_s700042.jpg,7,Be200,"realistic sky background, natural lighting, aviation photography, high resolution, realistic clouds",700042,True,,0.0,0.1,20,1,1,True,True,True,True
/content/data/processed/base/images/train/005e486c03142ce64736bba86b347b96.jpg,/content/data/processed/synthetic_inpaint/images/train/005e486c03142ce64736bba86b347b96_selective_c7_0001_s700043.jpg,7,Be200,"realistic runway background, military airbase, natural lighting, aviation photography",700043,True,,0.0,0.1,20,1,1,True,True,True,True
/content/data/processed/base/images/train/02c055a99b4b1054aa46eb299945e6ac.jpg,/content/data/processed/synthetic_inpaint/images/train/02c055a99b4b1054aa46eb299945e6ac_selective_c7_0002_s700044.jpg,7,Be200,"cloudy sky background, realistic atmosphere, aviation photography",700044,True,,0.0,0.1,20,1,1,True,True,True,True
/content/data/processed/base/images/train/03d5a31cb343f84b6745566c5671075c.jpg,/content/data/processed/synthetic_inpaint/images/train/03d5a31cb343f84b6745566c5671075c_selective_c7_0003_s700045.jpg,7,Be200,"clear blue sky, sunlight, realistic aircraft photography",700045,True,,0.0,0.1,20,1,1,True,True,True,True
/content/data/processed/base/images/train/0431ca5a6a5479e5d2eb6a8c3e42ec6c.jpg,/content/data/processed/synthetic_inpaint/images/train/0431ca5a6a5479e5d2eb6a8c3e42ec6c_selective_c7_0004_s700046.jpg,7,Be200,"desert airfield background, haze, realistic lighting",700046,True,,0.0,0.1,20,1,1,True,True,True,True
/content/data/processed/base/images/train/0497bafdc79a76f855aa0687526c0265.jpg,/content/data/processed/synthetic_inpaint/images/train/0497bafdc79a76f855aa0687526c0265_selective_c7_0005_s700047.jpg,7,Be200,"realistic sky background, natural lighting, aviation photography, high resolution, realistic clouds",700047,True,,0.0,0.1,20,1,1,True,True,True,True
/content/data/processed/base/images/train/058c36a1f3c52872ae56cbf9efba3cd7.jpg,/content/data/processed/synthetic_inpaint/images/train/058c36a1f3c52872ae56cbf9efba3cd7_selective_c7_0006_s700048.jpg,7,Be200,"realistic runway background, military airbase, natural lighting, aviation photography",700048,True,,0.0,0.1,20,1,1,True,True,True,True
/content/data/processed/base/images/train/07c22423a1fc3996fa5aef5af0afe152.jpg,/content/data/processed/synthetic_inpaint/images/train/07c22423a1fc3996fa5aef5af0afe152_selective_c7_0007_s700049.jpg,7,Be200,"cloudy sky background, realistic atmosphere, aviation photography",700049,True,,0.0,0.1,20,1,1,True,True,True,True
/content/data/processed/base/images/train/08393207d7a27fa1f1a8ea16025a2e8c.jpg,/content/data/processed/synthetic_inpaint/images/train/08393207d7a27fa1f1a8ea16025a2e8c_selective_c7_0008_s700050.jpg,7,Be200,"clear blue sky, sunlight, realistic aircraft photography",700050,True,,0.0,0.1,20,1,1,True,True,True,True
/content/data/processed/base/images/train/089a55b1e605caa0c46b956a3e63e1c5.jpg,/content/data/processed/synthetic_inpaint/images/train/089a55b1e605caa0c46b956a3e63e1c5_selective_c7_0009_s700051.jpg,7,Be200,"desert airfield background, haze, realistic lighting",700051,True,,0.0,0.1,20,1,1,True,True,True,True
/content/data/processed/base/images/train/0978551bc6903340433012137d7d259a.jpg,/content/data/processed/synthetic_inpaint/images/train/0978551bc6903340433012137d7d259a_selective_c7_0010_s700052.jpg,7,Be200,"realistic sky background, natural lighting, aviation photography, high resolution, realistic clouds",700052,True,,0.0,0.1,20,1,1,True,True,True,True
/content/data/processed/base/images/train/09991ea153fbfe09244966d8619f6b70.jpg,/content/data/processed/synthetic_inpaint/images/train/09991ea153fbfe09244966d8619f6b70_selective_c7_0011_s700053.jpg,7,Be200,"realistic runway background, military airbase, natural lighting, aviation photography",700053,True,,0.0,0.1,20,1,1,True,True,True,True
/content/data/processed/base/images/train/09ad162eee432447855e16597924bacc.jpg,/content/data/processed/synthetic_inpaint/images/train/09ad162eee432447855e16597924bacc_selective_c7_0012_s700054.jpg,7,Be200,"cloudy sky background, realistic atmosphere, aviation photography",700054,True,,0.0,0.1,20,1,1,True,True,True,True
/content/data/processed/base/images/train/0ac42f60fe5f4fe584480b1b0afb2022.jpg,/content/data/processed/synthetic_inpaint/images/train/0ac42f60fe5f4fe584480b1b0afb2022_selective_c7_0013_s700055.jpg,7,Be200,"clear blue sky, sunlight, realistic aircraft photography",700055,True,,0.0,0.1,20,1,1,True,True,True,True
/content/data/processed/base/images/train/0add4b38f54f0cb7595483a8670a8fd7.jpg,/content/data/processed/synthetic_inpaint/images/train/0add4b38f54f0cb7595483a8670a8fd7_selective_c7_0014_s700056.jpg,7,Be200,"desert airfield background, haze, realistic lighting",700056,True,,0.0,0.1,20,1,1,True,True,True,True
/content/data/processed/base/images/train/0bd81c2333942ce37004f8b0c992aa10.jpg,/content/data/processed/synthetic_inpaint/images/train/0bd81c2333942ce37004f8b0c992aa10_selective_c7_0015_s700057.jpg,7,Be200,"realistic sky background, natural lighting, aviation photography, high resolution, realistic clouds",700057,True,,0.0,0.1,20,1,1,True,True,True,True
/content/data/processed/base/images/train/0e2bf9652a6bb839f66d4d0d55a54560.jpg,/content/data/processed/synthetic_inpaint/images/train/0e2bf9652a6bb839f66d4d0d55a54560_selective_c7_0016_s700058.jpg,7,Be200,"realistic runway background, military airbase, natural lighting, aviation photography",700058,True,,0.0,0.1,20,1,1,True,True,True,True
/content/data/processed/base/images/train/0ee83af7501881d8ceec16164d1bfd45.jpg,/content/data/processed/synthetic_inpaint/images/train/0ee83af7501881d8ceec16164d1bfd45_selective_c7_0017_s700059.jpg,7,Be200,"cloudy sky background, realistic atmosphere, aviation photography",700059,True,,0.0,0.1,20,1,1,True,True,True,True
/content/data/processed/base/images/train/0ffc781c553619a8a5c49f596b4cc1ee.jpg,/content/data/processed/synthetic_inpaint/images/train/0ffc781c553619a8a5c49f596b4cc1ee_selective_c7_0018_s700060.jpg,7,Be200,"clear blue sky, sunlight, realistic aircraft photography",700060,True,,0.0,0.1,20,2,2,True,True,True,True
/content/data/processed/base/images/train/13205f31e0fb785afac4f208dddf9a51.jpg,/content/data/processed/synthetic_inpaint/images/train/13205f31e0fb785afac4f208dddf9a51_selective_c7_0019_s700061.jpg,7,Be200,"desert airfield background, haze, realistic lighting",700061,True,,0.0,0.1,20,1,1,True,True,True,True
/content/data/processed/base/images/train/1471c3a29acf88360ffd7018b061dbd1.jpg,/content/data/processed/synthetic_inpaint/images/train/1471c3a29acf88360ffd7018b061dbd1_selective_c7_0020_s700062.jpg,7,Be200,"realistic sky background, natural lighting, aviation photography, high resolution, realistic clouds",700062,True,,0.0,0.1,20,1,1,True,True,True,True
/content/data/processed/base/images/train/19ad415feedf48d0039c6856dacd03dc.jpg,/content/data/processed/synthetic_inpaint/images/train/19ad415feedf48d0039c6856dacd03dc_selective_c7_0021_s700063.jpg,7,Be200,"realistic runway background, military airbase, natural lighting, aviation photography",700063,True,,0.0,0.1,20,1,1,True,True,True,True
/content/data/processed/base/images/train/1a90665e29449d2882fbfffb08f8bfb9.jpg,/content/data/processed/synthetic_inpaint/images/train/1a90665e29449d2882fbfffb08f8bfb9_selective_c7_0022_s700064.jpg,7,Be200,"cloudy sky background, realistic atmosphere, aviation photography",700064,True,,0.0,0.1,20,1,1,True,True,True,True
/content/data/processed/base/images/train/1aa2def8c6fb309a9d0d6a1e2ae0b1e7.jpg,/content/data/processed/synthetic_inpaint/images/train/1aa2def8c6fb309a9d0d6a1e2ae0b1e7_selective_c7_0023_s700065.jpg,7,Be200,"clear blue sky, sunlight, realistic aircraft photography",700065,True,,0.0,0.1,20,1,1,True,True,True,True
/content/data/processed/base/images/train/1ac7a88fbf2517520099f443c230cfe2.jpg,/content/data/processed/synthetic_inpaint/images/train/1ac7a88fbf2517520099f443c230cfe2_selective_c7_0024_s700066.jpg,7,Be200,"desert airfield background, haze, realistic lighting",700066,True,,0.0,0.1,20,1,1,True,True,True,True
/content/data/processed/base/images/train/1c69d53c10cb71ea8f66fafa53fabada.jpg,/content/data/processed/synthetic_inpaint/images/train/1c69d53c10cb71ea8f66fafa53fabada_selective_c7_0025_s700067.jpg,7,Be200,"realistic sky background, natural lighting, aviation photography, high resolution, realistic clouds",700067,True,,0.0,0.1,20,1,1,True,True,True,True
/content/data/processed/base/images/train/1df8a04b4c06f0988fd8049b5e9e1a73.jpg,/content/data/processed/synthetic_inpaint/images/train/1df8a04b4c06f0988fd8049b5e9e1a73_selective_c7_0026_s700068.jpg,7,Be200,"realistic runway background, military airbase, natural lighting, aviation photography",700068,True,,0.0,0.1,20,1,1,True,True,True,True
/content/data/processed/base/images/train/1e0019251b8a65b2e1f53b4ee080b8b7.jpg,/content/data/processed/synthetic_inpaint/images/train/1e0019251b8a65b2e1f53b4ee080b8b7_selective_c7_0027_s700069.jpg,7,Be200,"cloudy sky background, realistic atmosphere, aviation photography",700069,True,,0.0,0.1,20,1,1,True,True,True,True
/content/data/processed/base/images/train/1e7260f89da4f89114487c4838295611.jpg,/content/data/processed/synthetic_inpaint/images/train/1e7260f89da4f89114487c4838295611_selective_c7_0028_s700070.jpg,7,Be200,"clear blue sky, sunlight, realistic aircraft photography",700070,True,,0.0,0.1,20,1,1,True,True,True,True
/content/data/processed/base/images/train/22a2c66f389798a1a577e74ac5479673.jpg,/content/data/processed/synthetic_inpaint/images/train/22a2c66f389798a1a577e74ac5479673_selective_c7_0029_s700071.jpg,7,Be200,"desert airfield background, haze, realistic lighting",700071,True,,0.0,0.1,20,1,1,True,True,True,True
/content/data/processed/base/images/train/2596054ea3014c4d3993dccccec0043f.jpg,/content/data/processed/synthetic_inpaint/images/train/2596054ea3014c4d3993dccccec0043f_selective_c7_0030_s700072.jpg,7,Be200,"realistic sky background, natural lighting, aviation photography, high resolution, realistic clouds",700072,True,,0.0,0.1,20,1,1,True,True,True,True
/content/data/processed/base/images/train/26009a95b5835bb473fca0a174d991fa.jpg,/content/data/processed/synthetic_inpaint/images/train/26009a95b5835bb473fca0a174d991fa_selective_c7_0031_s700073.jpg,7,Be200,"realistic runway background, military airbase, natural lighting, aviation photography",700073,True,,0.0,0.1,20,1,1,True,True,True,True
/content/data/processed/base/images/train/265474e418a26c88c33c66fbcbeff3f4.jpg,/content/data/processed/synthetic_inpaint/images/train/265474e418a26c88c33c66fbcbeff3f4_selective_c7_0032_s700074.jpg,7,Be200,"cloudy sky background, realistic atmosphere, aviation photography",700074,True,,0.0,0.1,20,1,1,True,True,True,True
/content/data/processed/base/images/train/268859319e41429a8fc4fd99ebf7cbea.jpg,/content/data/processed/synthetic_inpaint/images/train/268859319e41429a8fc4fd99ebf7cbea_selective_c7_0033_s700075.jpg,7,Be200,"clear blue sky, sunlight, realistic aircraft photography",700075,True,,0.0,0.1,20,1,1,True,True,True,True
/content/data/processed/base/images/train/28fe20600383719297e0d988868dfe63.jpg,/content/data/processed/synthetic_inpaint/images/train/28fe20600383719297e0d988868dfe63_selective_c7_0034_s700076.jpg,7,Be200,"desert airfield background, haze, realistic lighting",700076,True,,0.0,0.1,20,1,1,True,True,True,True
/content/data/processed/base/images/train/2945522cfd971ce1bcd8d920ab21d4f8.jpg,/content/data/processed/synthetic_inpaint/images/train/2945522cfd971ce1bcd8d920ab21d4f8_selective_c7_0035_s700077.jpg,7,Be200,"realistic sky background, natural lighting, aviation photography, high resolution, realistic clouds",700077,True,,0.0,0.1,20,1,1,True,True,True,True
/content/data/processed/base/images/train/29bad38cd19a8997f4afa4ac5e752239.jpg,/content/data/processed/synthetic_inpaint/images/train/29bad38cd19a8997f4afa4ac5e752239_selective_c7_0036_s700078.jpg,7,Be200,"realistic runway background, military airbase, natural lighting, aviation photography",700078,True,,0.0,0.1,20,1,1,True,True,True,True
/content/data/processed/base/images/train/2a1da0caa005c4216badf3da541f635e.jpg,/content/data/processed/synthetic_inpaint/images/train/2a1da0caa005c4216badf3da541f635e_selective_c7_0037_s700079.jpg,7,Be200,"cloudy sky background, realistic atmosphere, aviation photography",700079,True,,0.0,0.1,20,1,1,True,True,True,True
/content/data/processed/base/images/train/2af2aa8bd22a79755476e800d991f8cb.jpg,/content/data/processed/synthetic_inpaint/images/train/2af2aa8bd22a79755476e800d991f8cb_selective_c7_0038_s700080.jpg,7,Be200,"clear blue sky, sunlight, realistic aircraft photography",700080,True,,0.0,0.1,20,1,1,True,True,True,True
/content/data/processed/base/images/train/2ba8445d06cf06ea1a1abc9ddf448a25.jpg,/content/data/processed/synthetic_inpaint/images/train/2ba8445d06cf06ea1a1abc9ddf448a25_selective_c7_0039_s700081.jpg,7,Be200,"desert airfield background, haze, realistic lighting",700081,True,,0.0,0.1,20,1,1,True,True,True,True
/content/data/processed/base/images/train/014240b10dffa805240c72655e357866.jpg,/content/data/processed/synthetic_inpaint/images/train/014240b10dffa805240c72655e357866_selective_c37_0000_s3700042.jpg,37,U2,"realistic sky background, natural lighting, aviation photography, high resolution, realistic clouds",3700042,True,,0.0,0.1,20,1,1,True,True,True,True
/content/data/processed/base/images/train/0152de18ba102f814ea28f5719f866dc.jpg,/content/data/processed/synthetic_inpaint/images/train/0152de18ba102f814ea28f5719f866dc_selective_c37_0001_s3700043.jpg,37,U2,"realistic runway background, military airbase, natural lighting, aviation photography",3700043,True,,0.0,0.1,20,8,8,True,True,True,True
/content/data/processed/base/images/train/02916fb3b72623235bd3a5c44e56a0e7.jpg,/content/data/processed/synthetic_inpaint/images/train/02916fb3b72623235bd3a5c44e56a0e7_selective_c37_0002_s3700044.jpg,37,U2,"cloudy sky background, realistic atmosphere, aviation photography",3700044,True,,0.0,0.1,20,1,1,True,True,True,True
/content/data/processed/base/images/train/032e022f6030e30ea65fb691f4b544c1.jpg,/content/data/processed/synthetic_inpaint/images/train/032e022f6030e30ea65fb691f4b544c1_selective_c37_0003_s3700045.jpg,37,U2,"clear blue sky, sunlight, realistic aircraft photography",3700045,True,,0.0,0.1,20,1,1,True,True,True,True
/content/data/processed/base/images/train/06ac754d8b522bef541927503dead0c4.jpg,/content/data/processed/synthetic_inpaint/images/train/06ac754d8b522bef541927503dead0c4_selective_c37_0004_s3700046.jpg,37,U2,"desert airfield background, haze, realistic lighting",3700046,True,,0.0,0.1,20,1,1,True,True,True,True
/content/data/processed/base/images/train/06e92ea6cf57771c46c6b4eccbf1ca92.jpg,/content/data/processed/synthetic_inpaint/images/train/06e92ea6cf57771c46c6b4eccbf1ca92_selective_c37_0005_s3700047.jpg,37,U2,"realistic sky background, natural lighting, aviation photography, high resolution, realistic clouds",3700047,True,,0.0,0.1,20,1,1,True,True,True,True
/content/data/processed/base/images/train/0956e5de0e26617b87e55d441808c8f9.jpg,/content/data/processed/synthetic_inpaint/images/train/0956e5de0e26617b87e55d441808c8f9_selective_c37_0006_s3700048.jpg,37,U2,"realistic runway background, military airbase, natural lighting, aviation photography",3700048,True,,0.0,0.1,20,1,1,True,True,True,True
/content/data/processed/base/images/train/098a711dac16c44c757e182ecbf32b45.jpg,/content/data/processed/synthetic_inpaint/images/train/098a711dac16c44c757e182ecbf32b45_selective_c37_0007_s3700049.jpg,37,U2,"cloudy sky background, realistic atmosphere, aviation photography",3700049,True,,0.0,0.1,20,1,1,True,True,True,True
/content/data/processed/base/images/train/0aedfb73a3940401cefedb1e1f42fe8c.jpg,/content/data/processed/synthetic_inpaint/images/train/0aedfb73a3940401cefedb1e1f42fe8c_selective_c37_0008_s3700050.jpg,37,U2,"clear blue sky, sunlight, realistic aircraft photography",3700050,True,,0.0,0.1,20,1,1,True,True,True,True
/content/data/processed/base/images/train/0afd7854113a9830bf89f6d85206ce37.jpg,/content/data/processed/synthetic_inpaint/images/train/0afd7854113a9830bf89f6d85206ce37_selective_c37_0009_s3700051.jpg,37,U2,"desert airfield background, haze, realistic lighting",3700051,True,,0.0,0.1,20,1,1,True,True,True,True
/content/data/processed/base/images/train/0c271e8c72d0d6f6948257ff56bb7473.jpg,/content/data/processed/synthetic_inpaint/images/train/0c271e8c72d0d6f6948257ff56bb7473_selective_c37_0010_s3700052.jpg,37,U2,"realistic sky background, natural lighting, aviation photography, high resolution, realistic clouds",3700052,True,,0.0,0.1,20,1,1,True,True,True,True
/content/data/processed/base/images/train/0c642835bc7fedf7989a1ad1a37227c7.jpg,/content/data/processed/synthetic_inpaint/images/train/0c642835bc7fedf7989a1ad1a37227c7_selective_c37_0011_s3700053.jpg,37,U2,"realistic runway background, military airbase, natural lighting, aviation photography",3700053,True,,0.0,0.1,20,2,2,True,True,True,True
/content/data/processed/base/images/train/0c6ec99b5e50be3940e1780f69d3f39b.jpg,/content/data/processed/synthetic_inpaint/images/train/0c6ec99b5e50be3940e1780f69d3f39b_selective_c37_0012_s3700054.jpg,37,U2,"cloudy sky background, realistic atmosphere, aviation photography",3700054,True,,0.0,0.1,20,1,1,True,True,True,True
/content/data/processed/base/images/train/0da0da21188e4ff0377f3b9780c867ba.jpg,/content/data/processed/synthetic_inpaint/images/train/0da0da21188e4ff0377f3b9780c867ba_selective_c37_0013_s3700055.jpg,37,U2,"clear blue sky, sunlight, realistic aircraft photography",3700055,True,,0.0,0.1,20,1,1,True,True,True,True
/content/data/processed/base/images/train/0db493c6bc6f8d71de9c994760c7bfdf.jpg,/content/data/processed/synthetic_inpaint/images/train/0db493c6bc6f8d71de9c994760c7bfdf_selective_c37_0014_s3700056.jpg,37,U2,"desert airfield background, haze, realistic lighting",3700056,True,,0.0,0.1,20,3,3,True,True,True,True
/content/data/processed/base/images/train/0e927d631150f82d8a2c45f39bc9923d.jpg,/content/data/processed/synthetic_inpaint/images/train/0e927d631150f82d8a2c45f39bc9923d_selective_c37_0015_s3700057.jpg,37,U2,"realistic sky background, natural lighting, aviation photography, high resolution, realistic clouds",3700057,True,,0.0,0.1,20,1,1,True,True,True,True
/content/data/processed/base/images/train/0ec112864019f438e40571b2d0d2e7db.jpg,/content/data/processed/synthetic_inpaint/images/train/0ec112864019f438e40571b2d0d2e7db_selective_c37_0016_s3700058.jpg,37,U2,"realistic runway background, military airbase, natural lighting, aviation photography",3700058,True,,0.0,0.1,20,3,3,True,True,True,True
/content/data/processed/base/images/train/114b2dd6407bbcf13b0dfb16ede9e520.jpg,/content/data/processed/synthetic_inpaint/images/train/114b2dd6407bbcf13b0dfb16ede9e520_selective_c37_0017_s3700059.jpg,37,U2,"cloudy sky background, realistic atmosphere, aviation photography",3700059,True,,0.0,0.1,20,1,1,True,True,True,True
/content/data/processed/base/images/train/1289183c566995970fa060e785fde1d3.jpg,/content/data/processed/synthetic_inpaint/images/train/1289183c566995970fa060e785fde1d3_selective_c37_0018_s3700060.jpg,37,U2,"clear blue sky, sunlight, realistic aircraft photography",3700060,True,,0.0,0.1,20,1,1,True,True,True,True
/content/data/processed/base/images/train/13e127cca3588fbd684fcafdb841e83b.jpg,/content/data/processed/synthetic_inpaint/images/train/13e127cca3588fbd684fcafdb841e83b_selective_c37_0019_s3700061.jpg,37,U2,"desert airfield background, haze, realistic lighting",3700061,True,,0.0,0.1,20,1,1,True,True,True,True
/content/data/processed/base/images/train/14430ebb963ea78f4f1f6ba6589f78c5.jpg,/content/data/processed/synthetic_inpaint/images/train/14430ebb963ea78f4f1f6ba6589f78c5_selective_c37_0020_s3700062.jpg,37,U2,"realistic sky background, natural lighting, aviation photography, high resolution, realistic clouds",3700062,True,,0.0,0.1,20,2,2,True,True,True,True
/content/data/processed/base/images/train/147e3e97ba7a1bd205247d3abc046e43.jpg,/content/data/processed/synthetic_inpaint/images/train/147e3e97ba7a1bd205247d3abc046e43_selective_c37_0021_s3700063.jpg,37,U2,"realistic runway background, military airbase, natural lighting, aviation photography",3700063,True,,0.0,0.1,20,1,1,True,True,True,True
/content/data/processed/base/images/train/150101663b06cdcc253ee3a4473f7011.jpg,/content/data/processed/synthetic_inpaint/images/train/150101663b06cdcc253ee3a4473f7011_selective_c37_0022_s3700064.jpg,37,U2,"cloudy sky background, realistic atmosphere, aviation photography",3700064,True,,0.0,0.1,20,1,1,True,True,True,True
/content/data/processed/base/images/train/16cebe58966497b0d0795889ec65681d.jpg,/content/data/processed/synthetic_inpaint/images/train/16cebe58966497b0d0795889ec65681d_selective_c37_0023_s3700065.jpg,37,U2,"clear blue sky, sunlight, realistic aircraft photography",3700065,True,,0.0,0.1,20,1,1,True,True,True,True
/content/data/processed/base/images/train/190fb8f6a56ec14b0b1b0f1bd4671100.jpg,/content/data/processed/synthetic_inpaint/images/train/190fb8f6a56ec14b0b1b0f1bd4671100_selective_c37_0024_s3700066.jpg,37,U2,"desert airfield background, haze, realistic lighting",3700066,True,,0.0,0.1,20,2,2,True,True,True,True
/content/data/processed/base/images/train/19cccef4924f44db667612b0d988ad19.jpg,/content/data/processed/synthetic_inpaint/images/train/19cccef4924f44db667612b0d988ad19_selective_c37_0025_s3700067.jpg,37,U2,"realistic sky background, natural lighting, aviation photography, high resolution, realistic clouds",3700067,True,,0.0,0.1,20,1,1,True,True,True,True
/content/data/processed/base/images/train/1b35a28ac28fbde85981652ea308beab.jpg,/content/data/processed/synthetic_inpaint/images/train/1b35a28ac28fbde85981652ea308beab_selective_c37_0026_s3700068.jpg,37,U2,"realistic runway background, military airbase, natural lighting, aviation photography",3700068,True,,0.0,0.1,20,1,1,True,True,True,True
/content/data/processed/base/images/train/1b38a3d5a841dd36920860243aa3f268.jpg,/content/data/processed/synthetic_inpaint/images/train/1b38a3d5a841dd36920860243aa3f268_selective_c37_0027_s3700069.jpg,37,U2,"cloudy sky background, realistic atmosphere, aviation photography",3700069,True,,0.0,0.1,20,2,2,True,True,True,True
/content/data/processed/base/images/train/1ed3499a85e139ee6ed0f5f760e6f6de.jpg,/content/data/processed/synthetic_inpaint/images/train/1ed3499a85e139ee6ed0f5f760e6f6de_selective_c37_0028_s3700070.jpg,37,U2,"clear blue sky, sunlight, realistic aircraft photography",3700070,True,,0.0,0.1,20,2,2,True,True,True,True
/content/data/processed/base/images/train/1efe79f437632d557cadbf9fa4653be7.jpg,/content/data/processed/synthetic_inpaint/images/train/1efe79f437632d557cadbf9fa4653be7_selective_c37_0029_s3700071.jpg,37,U2,"desert airfield background, haze, realistic lighting",3700071,True,,0.0,0.1,20,1,1,True,True,True,True
/content/data/processed/base/images/train/206ac6a698959425569c9703ec625ee5.jpg,/content/data/processed/synthetic_inpaint/images/train/206ac6a698959425569c9703ec625ee5_selective_c37_0030_s3700072.jpg,37,U2,"realistic sky background, natural lighting, aviation photography, high resolution, realistic clouds",3700072,True,,0.0,0.1,20,2,2,True,True,True,True
/content/data/processed/base/images/train/214b5d1b9ada533fd99074464656dd5e.jpg,/content/data/processed/synthetic_inpaint/images/train/214b5d1b9ada533fd99074464656dd5e_selective_c37_0031_s3700073.jpg,37,U2,"realistic runway background, military airbase, natural lighting, aviation photography",3700073,True,,0.0,0.1,20,2,2,True,True,True,True
/content/data/processed/base/images/train/2430eb7c3ae2a6ae96c3b3c10a5bbe21.jpg,/content/data/processed/synthetic_inpaint/images/train/2430eb7c3ae2a6ae96c3b3c10a5bbe21_selective_c37_0032_s3700074.jpg,37,U2,"cloudy sky background, realistic atmosphere, aviation photography",3700074,True,,0.0,0.1,20,1,1,True,True,True,True
/content/data/processed/base/images/train/249a4c36146e7c07cf976f959f70d1d3.jpg,/content/data/processed/synthetic_inpaint/images/train/249a4c36146e7c07cf976f959f70d1d3_selective_c37_0033_s3700075.jpg,37,U2,"clear blue sky, sunlight, realistic aircraft photography",3700075,True,,0.0,0.1,20,2,2,True,True,True,True
/content/data/processed/base/images/train/2517aef60e0476ff453d993fdb5db19c.jpg,/content/data/processed/synthetic_inpaint/images/train/2517aef60e0476ff453d993fdb5db19c_selective_c37_0034_s3700076.jpg,37,U2,"desert airfield background, haze, realistic lighting",3700076,True,,0.0,0.1,20,1,1,True,True,True,True
/content/data/processed/base/images/train/27a75ac3f4ffae4127d81b56429c01c6.jpg,/content/data/processed/synthetic_inpaint/images/train/27a75ac3f4ffae4127d81b56429c01c6_selective_c37_0035_s3700077.jpg,37,U2,"realistic sky background, natural lighting, aviation photography, high resolution, realistic clouds",3700077,True,,0.0,0.1,20,1,1,True,True,True,True
/content/data/processed/base/images/train/27c0e1776b72bd5d00bcf9cff6f00cd8.jpg,/content/data/processed/synthetic_inpaint/images/train/27c0e1776b72bd5d00bcf9cff6f00cd8_selective_c37_0036_s3700078.jpg,37,U2,"realistic runway background, military airbase, natural lighting, aviation photography",3700078,True,,0.0,0.1,20,1,1,True,True,True,True
/content/data/processed/base/images/train/28539a24e7d97e6914b37e33c3ecc1a6.jpg,/content/data/processed/synthetic_inpaint/images/train/28539a24e7d97e6914b37e33c3ecc1a6_selective_c37_0037_s3700079.jpg,37,U2,"cloudy sky background, realistic atmosphere, aviation photography",3700079,True,,0.0,0.1,20,2,2,True,True,True,True
/content/data/processed/base/images/train/2b9aa383309273f9756e25b8e824794a.jpg,/content/data/processed/synthetic_inpaint/images/train/2b9aa383309273f9756e25b8e824794a_selective_c37_0038_s3700080.jpg,37,U2,"clear blue sky, sunlight, realistic aircraft photography",3700080,True,,0.0,0.1,20,1,1,True,True,True,True
/content/data/processed/base/images/train/2ba4e0edcf938230ddbc0d143cd17cce.jpg,/content/data/processed/synthetic_inpaint/images/train/2ba4e0edcf938230ddbc0d143cd17cce_selective_c37_0039_s3700081.jpg,37,U2,"desert airfield background, haze, realistic lighting",3700081,True,,0.0,0.1,20,1,1,True,True,True,True
/content/data/processed/base/images/train/2c41fc18a7fa251251862b1d1f6540b0.jpg,/content/data/processed/synthetic_inpaint/images/train/2c41fc18a7fa251251862b1d1f6540b0_selective_c37_0040_s3700082.jpg,37,U2,"realistic sky background, natural lighting, aviation photography, high resolution, realistic clouds",3700082,True,,0.0,0.1,20,1,1,True,True,True,True
/content/data/processed/base/images/train/2ce8b40831f21210b2d7562070a0d204.jpg,/content/data/processed/synthetic_inpaint/images/train/2ce8b40831f21210b2d7562070a0d204_selective_c37_0041_s3700083.jpg,37,U2,"realistic runway background, military airbase, natural lighting, aviation photography",3700083,True,,0.0,0.1,20,1,1,True,True,True,True
/content/data/processed/base/images/train/2d93a8fefc46688899292541e4283bad.jpg,/content/data/processed/synthetic_inpaint/images/train/2d93a8fefc46688899292541e4283bad_selective_c37_0042_s3700084.jpg,37,U2,"cloudy sky background, realistic atmosphere, aviation photography",3700084,True,,0.0,0.1,20,1,1,True,True,True,True
/content/data/processed/base/images/train/2e5f31e7c39711c44bb829d47d816748.jpg,/content/data/processed/synthetic_inpaint/images/train/2e5f31e7c39711c44bb829d47d816748_selective_c37_0043_s3700085.jpg,37,U2,"clear blue sky, sunlight, realistic aircraft photography",3700085,True,,0.0,0.1,20,1,1,True,True,True,True
/content/data/processed/base/images/train/2e632ea9b3964f9b0c979c79f67b426b.jpg,/content/data/processed/synthetic_inpaint/images/train/2e632ea9b3964f9b0c979c79f67b426b_selective_c37_0044_s3700086.jpg,37,U2,"desert airfield background, haze, realistic lighting",3700086,True,,0.0,0.1,20,1,1,True,True,True,True
/content/data/processed/base/images/train/2edcfb45d019867ca329bda687b47d60.jpg,/content/data/processed/synthetic_inpaint/images/train/2edcfb45d019867ca329bda687b47d60_selective_c37_0045_s3700087.jpg,37,U2,"realistic sky background, natural lighting, aviation photography, high resolution, realistic clouds",3700087,True,,0.0,0.1,20,1,1,True,True,True,True
/content/data/processed/base/images/train/2fe5db51e434778bbd1bec2bbe16a3f4.jpg,/content/data/processed/synthetic_inpaint/images/train/2fe5db51e434778bbd1bec2bbe16a3f4_selective_c37_0046_s3700088.jpg,37,U2,"realistic runway background, military airbase, natural lighting, aviation photography",3700088,True,,0.0,0.1,20,4,4,True,True,True,True
/content/data/processed/base/images/train/318c191eff6db5693fc0ccf72103f5db.jpg,/content/data/processed/synthetic_inpaint/images/train/318c191eff6db5693fc0ccf72103f5db_selective_c37_0047_s3700089.jpg,37,U2,"cloudy sky background, realistic atmosphere, aviation photography",3700089,True,,0.0,0.1,20,1,1,True,True,True,True
/content/data/processed/base/images/train/32bc78046f449cdbd1d30cefa09c2863.jpg,/content/data/processed/synthetic_inpaint/images/train/32bc78046f449cdbd1d30cefa09c2863_selective_c37_0048_s3700090.jpg,37,U2,"clear blue sky, sunlight, realistic aircraft photography",3700090,True,,0.0,0.1,20,1,1,True,True,True,True
/content/data/processed/base/images/train/331b3054816e29115f7a1f539eca21b6.jpg,/content/data/processed/synthetic_inpaint/images/train/331b3054816e29115f7a1f539eca21b6_selective_c37_0049_s3700091.jpg,37,U2,"desert airfield background, haze, realistic lighting",3700091,True,,0.0,0.1,20,1,1,True,True,True,True
/content/data/processed/base/images/train/359cee49887cd2ac5bdeb26120c6fb71.jpg,/content/data/processed/synthetic_inpaint/images/train/359cee49887cd2ac5bdeb26120c6fb71_selective_c37_0050_s3700092.jpg,37,U2,"realistic sky background, natural lighting, aviation photography, high resolution, realistic clouds",3700092,True,,0.0,0.1,20,3,3,True,True,True,True
/content/data/processed/base/images/train/38edc086dc26d6f3b25b1e5013713672.jpg,/content/data/processed/synthetic_inpaint/images/train/38edc086dc26d6f3b25b1e5013713672_selective_c37_0051_s3700093.jpg,37,U2,"realistic runway background, military airbase, natural lighting, aviation photography",3700093,True,,0.0,0.1,20,2,2,True,True,True,True
/content/data/processed/base/images/train/38fda037258f312232feb3ddad5d55e5.jpg,/content/data/processed/synthetic_inpaint/images/train/38fda037258f312232feb3ddad5d55e5_selective_c37_0052_s3700094.jpg,37,U2,"cloudy sky background, realistic atmosphere, aviation photography",3700094,True,,0.0,0.1,20,3,3,True,True,True,True
/content/data/processed/base/images/train/3964c36617874d442ccb669cbb46ee41.jpg,/content/data/processed/synthetic_inpaint/images/train/3964c36617874d442ccb669cbb46ee41_selective_c37_0053_s3700095.jpg,37,U2,"clear blue sky, sunlight, realistic aircraft photography",3700095,True,,0.0,0.1,20,1,1,True,True,True,True
/content/data/processed/base/images/train/397111ac8985b53d25accacdf21c6103.jpg,/content/data/processed/synthetic_inpaint/images/train/397111ac8985b53d25accacdf21c6103_selective_c37_0054_s3700096.jpg,37,U2,"desert airfield background, haze, realistic lighting",3700096,True,,0.0,0.1,20,1,1,True,True,True,True
/content/data/processed/base/images/train/3cda68798923952e40d8ec720d436207.jpg,/content/data/processed/synthetic_inpaint/images/train/3cda68798923952e40d8ec720d436207_selective_c37_0055_s3700097.jpg,37,U2,"realistic sky background, natural lighting, aviation photography, high resolution, realistic clouds",3700097,True,,0.0,0.1,20,1,1,True,True,True,True
/content/data/processed/base/images/train/3e3b7051cf4fbab42c1f095fb7e6db26.jpg,/content/data/processed/synthetic_inpaint/images/train/3e3b7051cf4fbab42c1f095fb7e6db26_selective_c37_0056_s3700098.jpg,37,U2,"realistic runway background, military airbase, natural lighting, aviation photography",3700098,True,,0.0,0.1,20,2,2,True,True,True,True
/content/data/processed/base/images/train/3e5e15a3f0885d6fa8ecb64e7877e41d.jpg,/content/data/processed/synthetic_inpaint/images/train/3e5e15a3f0885d6fa8ecb64e7877e41d_selective_c37_0057_s3700099.jpg,37,U2,"cloudy sky background, realistic atmosphere, aviation photography",3700099,True,,0.0,0.1,20,1,1,True,True,True,True
/content/data/processed/base/images/train/3e71d9997027b29d06f1d6d1fd311a51.jpg,/content/data/processed/synthetic_inpaint/images/train/3e71d9997027b29d06f1d6d1fd311a51_selective_c37_0058_s3700100.jpg,37,U2,"clear blue sky, sunlight, realistic aircraft photography",3700100,True,,0.0,0.1,20,3,3,True,True,True,True
/content/data/processed/base/images/train/4229687d8e44aed02489ad7528babb95.jpg,/content/data/processed/synthetic_inpaint/images/train/4229687d8e44aed02489ad7528babb95_selective_c37_0059_s3700101.jpg,37,U2,"desert airfield background, haze, realistic lighting",3700101,True,,0.0,0.1,20,1,1,True,True,True,True
/content/data/processed/base/images/train/424001c6e09f7cf515e28225a3982997.jpg,/content/data/processed/synthetic_inpaint/images/train/424001c6e09f7cf515e28225a3982997_selective_c37_0060_s3700102.jpg,37,U2,"realistic sky background, natural lighting, aviation photography, high resolution, realistic clouds",3700102,True,,0.0,0.1,20,1,1,True,True,True,True
/content/data/processed/base/images/train/44184cc2ea4952fc6bfea77b4bcf0a9a.jpg,/content/data/processed/synthetic_inpaint/images/train/44184cc2ea4952fc6bfea77b4bcf0a9a_selective_c37_0061_s3700103.jpg,37,U2,"realistic runway background, military airbase, natural lighting, aviation photography",3700103,True,,0.0,0.1,20,1,1,True,True,True,True
/content/data/processed/base/images/train/470ba863a992bfea90f64f79165edd44.jpg,/content/data/processed/synthetic_inpaint/images/train/470ba863a992bfea90f64f79165edd44_selective_c37_0062_s3700104.jpg,37,U2,"cloudy sky background, realistic atmosphere, aviation photography",3700104,True,,0.0,0.1,20,3,3,True,True,True,True
/content/data/processed/base/images/train/48203cc943f615bd2e4a3030e5f5890f.jpg,/content/data/processed/synthetic_inpaint/images/train/48203cc943f615bd2e4a3030e5f5890f_selective_c37_0063_s3700105.jpg,37,U2,"clear blue sky, sunlight, realistic aircraft photography",3700105,True,,0.0,0.1,20,1,1,True,True,True,True
/content/data/processed/base/images/train/4932b3b9eb66409de7db69c353aa6652.jpg,/content/data/processed/synthetic_inpaint/images/train/4932b3b9eb66409de7db69c353aa6652_selective_c37_0064_s3700106.jpg,37,U2,"desert airfield background, haze, realistic lighting",3700106,True,,0.0,0.1,20,2,2,True,True,True,True
/content/data/processed/base/images/train/4957f39c2017e4c6307a861fb14c6a68.jpg,/content/data/processed/synthetic_inpaint/images/train/4957f39c2017e4c6307a861fb14c6a68_selective_c37_0065_s3700107.jpg,37,U2,"realistic sky background, natural lighting, aviation photography, high resolution, realistic clouds",3700107,True,,0.0,0.1,20,1,1,True,True,True,True
/content/data/processed/base/images/train/496417bd2985c23f4f857d4ea23f712b.jpg,/content/data/processed/synthetic_inpaint/images/train/496417bd2985c23f4f857d4ea23f712b_selective_c37_0066_s3700108.jpg,37,U2,"realistic runway background, military airbase, natural lighting, aviation photography",3700108,True,,0.0,0.1,20,1,1,True,True,True,True
/content/data/processed/base/images/train/49a31825ae19798ccbc46d6edb502d6a.jpg,/content/data/processed/synthetic_inpaint/images/train/49a31825ae19798ccbc46d6edb502d6a_selective_c37_0067_s3700109.jpg,37,U2,"cloudy sky background, realistic atmosphere, aviation photography",3700109,True,,0.0,0.1,20,1,1,True,True,True,True
/content/data/processed/base/images/train/4b8d7fc24d8eee6a14d55a32e24ecc7a.jpg,/content/data/processed/synthetic_inpaint/images/train/4b8d7fc24d8eee6a14d55a32e24ecc7a_selective_c37_0068_s3700110.jpg,37,U2,"clear blue sky, sunlight, realistic aircraft photography",3700110,True,,0.0,0.1,20,1,1,True,True,True,True
/content/data/processed/base/images/train/4e3e5d48217582a562b00b17e9cc7267.jpg,/content/data/processed/synthetic_inpaint/images/train/4e3e5d48217582a562b00b17e9cc7267_selective_c37_0069_s3700111.jpg,37,U2,"desert airfield background, haze, realistic lighting",3700111,True,,0.0,0.1,20,1,1,True,True,True,True
/content/data/processed/base/images/train/4fb6aaecd86ccf9ecc12bffef82c8da6.jpg,/content/data/processed/synthetic_inpaint/images/train/4fb6aaecd86ccf9ecc12bffef82c8da6_selective_c37_0070_s3700112.jpg,37,U2,"realistic sky background, natural lighting, aviation photography, high resolution, realistic clouds",3700112,True,,0.0,0.1,20,3,3,True,True,True,True
/content/data/processed/base/images/train/501d04e0e64fae71d26da4cf56c0fefb.jpg,/content/data/processed/synthetic_inpaint/images/train/501d04e0e64fae71d26da4cf56c0fefb_selective_c37_0071_s3700113.jpg,37,U2,"realistic runway background, military airbase, natural lighting, aviation photography",3700113,True,,0.0,0.1,20,1,1,True,True,True,True
/content/data/processed/base/images/train/5091341248d32f1a50164260c393d0e7.jpg,/content/data/processed/synthetic_inpaint/images/train/5091341248d32f1a50164260c393d0e7_selective_c37_0072_s3700114.jpg,37,U2,"cloudy sky background, realistic atmosphere, aviation photography",3700114,True,,0.0,0.1,20,1,1,True,True,True,True
/content/data/processed/base/images/train/50960743a78c0580c2007173476bcf54.jpg,/content/data/processed/synthetic_inpaint/images/train/50960743a78c0580c2007173476bcf54_selective_c37_0073_s3700115.jpg,37,U2,"clear blue sky, sunlight, realistic aircraft photography",3700115,True,,0.0,0.1,20,1,1,True,True,True,True
/content/data/processed/base/images/train/5327a9581df6a0d871984353b55374c8.jpg,/content/data/processed/synthetic_inpaint/images/train/5327a9581df6a0d871984353b55374c8_selective_c37_0074_s3700116.jpg,37,U2,"desert airfield background, haze, realistic lighting",3700116,True,,0.0,0.1,20,1,1,True,True,True,True
/content/data/processed/base/images/train/537c12c04467511fd0168ada46a9879b.jpg,/content/data/processed/synthetic_inpaint/images/train/537c12c04467511fd0168ada46a9879b_selective_c37_0075_s3700117.jpg,37,U2,"realistic sky background, natural lighting, aviation photography, high resolution, realistic clouds",3700117,True,,0.0,0.1,20,2,2,True,True,True,True
/content/data/processed/base/images/train/54c9d6e2881b1e7d43a0e0c6b8b4ef6b.jpg,/content/data/processed/synthetic_inpaint/images/train/54c9d6e2881b1e7d43a0e0c6b8b4ef6b_selective_c37_0076_s3700118.jpg,37,U2,"realistic runway background, military airbase, natural lighting, aviation photography",3700118,True,,0.0,0.1,20,1,1,True,True,True,True
/content/data/processed/base/images/train/5567d076ab5b73f2c6570b1c408d7755.jpg,/content/data/processed/synthetic_inpaint/images/train/5567d076ab5b73f2c6570b1c408d7755_selective_c37_0077_s3700119.jpg,37,U2,"cloudy sky background, realistic atmosphere, aviation photography",3700119,True,,0.0,0.1,20,1,1,True,True,True,True
/content/data/processed/base/images/train/560fd47e1b387beb720c04411ec088bf.jpg,/content/data/processed/synthetic_inpaint/images/train/560fd47e1b387beb720c04411ec088bf_selective_c37_0078_s3700120.jpg,37,U2,"clear blue sky, sunlight, realistic aircraft photography",3700120,True,,0.0,0.1,20,1,1,True,True,True,True
/content/data/processed/base/images/train/57776543b42aa11ef1275a82ed74808c.jpg,/content/data/processed/synthetic_inpaint/images/train/57776543b42aa11ef1275a82ed74808c_selective_c37_0079_s3700121.jpg,37,U2,"desert airfield background, haze, realistic lighting",3700121,True,,0.0,0.1,20,2,2,True,True,True,True
/content/data/processed/base/images/train/01663dbe73c573696bc11ef6a9127e32.jpg,/content/data/processed/synthetic_inpaint/images/train/01663dbe73c573696bc11ef6a9127e32_selective_c31_0000_s3100042.jpg,31,SR71,"realistic sky background, natural lighting, aviation photography, high resolution, realistic clouds",3100042,True,,0.0,0.1,20,1,1,True,True,True,True
/content/data/processed/base/images/train/020653810498d88bb5c0128b69ad2f42.jpg,/content/data/processed/synthetic_inpaint/images/train/020653810498d88bb5c0128b69ad2f42_selective_c31_0001_s3100043.jpg,31,SR71,"realistic runway background, military airbase, natural lighting, aviation photography",3100043,True,,0.0,0.1,20,1,1,True,True,True,True
/content/data/processed/base/images/train/020af567493f537753d55ea9952be4c0.jpg,/content/data/processed/synthetic_inpaint/images/train/020af567493f537753d55ea9952be4c0_selective_c31_0002_s3100044.jpg,31,SR71,"cloudy sky background, realistic atmosphere, aviation photography",3100044,True,,0.0,0.1,20,1,1,True,True,True,True
/content/data/processed/base/images/train/0260228abea9be9108208c48bd3e11be.jpg,/content/data/processed/synthetic_inpaint/images/train/0260228abea9be9108208c48bd3e11be_selective_c31_0003_s3100045.jpg,31,SR71,"clear blue sky, sunlight, realistic aircraft photography",3100045,True,,0.0,0.1,20,1,1,True,True,True,True
/content/data/processed/base/images/train/029951993b9278dbc2f7f88755d79d7b.jpg,/content/data/processed/synthetic_inpaint/images/train/029951993b9278dbc2f7f88755d79d7b_selective_c31_0004_s3100046.jpg,31,SR71,"desert airfield background, haze, realistic lighting",3100046,True,,0.0,0.1,20,1,1,True,True,True,True
/content/data/processed/base/images/train/032e74957c91e3c396fe656d5d9453dd.jpg,/content/data/processed/synthetic_inpaint/images/train/032e74957c91e3c396fe656d5d9453dd_selective_c31_0005_s3100047.jpg,31,SR71,"realistic sky background, natural lighting, aviation photography, high resolution, realistic clouds",3100047,True,,0.0,0.1,20,1,1,True,True,True,True
/content/data/processed/base/images/train/03bee5224965f2d87bd397b7ddd50875.jpg,/content/data/processed/synthetic_inpaint/images/train/03bee5224965f2d87bd397b7ddd50875_selective_c31_0006_s3100048.jpg,31,SR71,"realistic runway background, military airbase, natural lighting, aviation photography",3100048,True,,0.0,0.1,20,1,1,True,True,True,True
/content/data/processed/base/images/train/04c12d695c46dc285c6e3f40973d30ac.jpg,/content/data/processed/synthetic_inpaint/images/train/04c12d695c46dc285c6e3f40973d30ac_selective_c31_0007_s3100049.jpg,31,SR71,"cloudy sky background, realistic atmosphere, aviation photography",3100049,True,,0.0,0.1,20,1,1,True,True,True,True
/content/data/processed/base/images/train/0574b146ed3c44bf068a72bdc108bc05.jpg,/content/data/processed/synthetic_inpaint/images/train/0574b146ed3c44bf068a72bdc108bc05_selective_c31_0008_s3100050.jpg,31,SR71,"clear blue sky, sunlight, realistic aircraft photography",3100050,True,,0.0,0.1,20,1,1,True,True,True,True
/content/data/processed/base/images/train/06511fe1124a1303dc094e86d642a450.jpg,/content/data/processed/synthetic_inpaint/images/train/06511fe1124a1303dc094e86d642a450_selective_c31_0009_s3100051.jpg,31,SR71,"desert airfield background, haze, realistic lighting",3100051,True,,0.0,0.1,20,1,1,True,True,True,True
/content/data/processed/base/images/train/0929b096c8b294b4d223ac110f8b2ea2.jpg,/content/data/processed/synthetic_inpaint/images/train/0929b096c8b294b4d223ac110f8b2ea2_selective_c31_0010_s3100052.jpg,31,SR71,"realistic sky background, natural lighting, aviation photography, high resolution, realistic clouds",3100052,True,,0.0,0.1,20,1,1,True,True,True,True
/content/data/processed/base/images/train/09cfa42a006257faa5672a4988ea8381.jpg,/content/data/processed/synthetic_inpaint/images/train/09cfa42a006257faa5672a4988ea8381_selective_c31_0011_s3100053.jpg,31,SR71,"realistic runway background, military airbase, natural lighting, aviation photography",3100053,True,,0.0,0.1,20,1,1,True,True,True,True
/content/data/processed/base/images/train/0db493c6bc6f8d71de9c994760c7bfdf.jpg,/content/data/processed/synthetic_inpaint/images/train/0db493c6bc6f8d71de9c994760c7bfdf_selective_c31_0012_s3100054.jpg,31,SR71,"cloudy sky background, realistic atmosphere, aviation photography",3100054,True,,0.0,0.1,20,3,3,True,True,True,True
/content/data/processed/base/images/train/0dc3f3e32533d1909ec496e32a3f916c.jpg,/content/data/processed/synthetic_inpaint/images/train/0dc3f3e32533d1909ec496e32a3f916c_selective_c31_0013_s3100055.jpg,31,SR71,"clear blue sky, sunlight, realistic aircraft photography",3100055,True,,0.0,0.1,20,1,1,True,True,True,True
/content/data/processed/base/images/train/0f2e35afc162ce8d3b8bf0a62cddb5d6.jpg,/content/data/processed/synthetic_inpaint/images/train/0f2e35afc162ce8d3b8bf0a62cddb5d6_selective_c31_0014_s3100056.jpg,31,SR71,"desert airfield background, haze, realistic lighting",3100056,True,,0.0,0.1,20,1,1,True,True,True,True
/content/data/processed/base/images/train/121c7ce8cc16e831e04c97abca0a1e9a.jpg,/content/data/processed/synthetic_inpaint/images/train/121c7ce8cc16e831e04c97abca0a1e9a_selective_c31_0015_s3100057.jpg,31,SR71,"realistic sky background, natural lighting, aviation photography, high resolution, realistic clouds",3100057,True,,0.0,0.1,20,1,1,True,True,True,True
/content/data/processed/base/images/train/1340ca4fe9b4a9f0782d88dd33cbaa91.jpg,/content/data/processed/synthetic_inpaint/images/train/1340ca4fe9b4a9f0782d88dd33cbaa91_selective_c31_0016_s3100058.jpg,31,SR71,"realistic runway background, military airbase, natural lighting, aviation photography",3100058,True,,0.0,0.1,20,1,1,True,True,True,True
/content/data/processed/base/images/train/143ad3075f390d45d02550aa8405135a.jpg,/content/data/processed/synthetic_inpaint/images/train/143ad3075f390d45d02550aa8405135a_selective_c31_0017_s3100059.jpg,31,SR71,"cloudy sky background, realistic atmosphere, aviation photography",3100059,True,,0.0,0.1,20,1,1,True,True,True,True
/content/data/processed/base/images/train/151fc97724b968ce0e5019c9cf24def5.jpg,/content/data/processed/synthetic_inpaint/images/train/151fc97724b968ce0e5019c9cf24def5_selective_c31_0018_s3100060.jpg,31,SR71,"clear blue sky, sunlight, realistic aircraft photography",3100060,True,,0.0,0.1,20,1,1,True,True,True,True
/content/data/processed/base/images/train/15494c4bd178652c66e68c17b3042509.jpg,/content/data/processed/synthetic_inpaint/images/train/15494c4bd178652c66e68c17b3042509_selective_c31_0019_s3100061.jpg,31,SR71,"desert airfield background, haze, realistic lighting",3100061,True,,0.0,0.1,20,1,1,True,True,True,True
/content/data/processed/base/images/train/162f9807b4f009967d947788b4f1962d.jpg,/content/data/processed/synthetic_inpaint/images/train/162f9807b4f009967d947788b4f1962d_selective_c31_0020_s3100062.jpg,31,SR71,"realistic sky background, natural lighting, aviation photography, high resolution, realistic clouds",3100062,True,,0.0,0.1,20,1,1,True,True,True,True
/content/data/processed/base/images/train/1671008a5939cb77ab91ccec5ba0a897.jpg,/content/data/processed/synthetic_inpaint/images/train/1671008a5939cb77ab91ccec5ba0a897_selective_c31_0021_s3100063.jpg,31,SR71,"realistic runway background, military airbase, natural lighting, aviation photography",3100063,True,,0.0,0.1,20,1,1,True,True,True,True
/content/data/processed/base/images/train/1707fe2ef749d62d45da63e70be4d7dd.jpg,/content/data/processed/synthetic_inpaint/images/train/1707fe2ef749d62d45da63e70be4d7dd_selective_c31_0022_s3100064.jpg,31,SR71,"cloudy sky background, realistic atmosphere, aviation photography",3100064,True,,0.0,0.1,20,1,1,True,True,True,True
/content/data/processed/base/images/train/19d96e7baeee6524c9e73ddc3945d753.jpg,/content/data/processed/synthetic_inpaint/images/train/19d96e7baeee6524c9e73ddc3945d753_selective_c31_0023_s3100065.jpg,31,SR71,"clear blue sky, sunlight, realistic aircraft photography",3100065,True,,0.0,0.1,20,1,1,True,True,True,True
/content/data/processed/base/images/train/1dc1ac6e44ef13e893437051347c618d.jpg,/content/data/processed/synthetic_inpaint/images/train/1dc1ac6e44ef13e893437051347c618d_selective_c31_0024_s3100066.jpg,31,SR71,"desert airfield background, haze, realistic lighting",3100066,True,,0.0,0.1,20,1,1,True,True,True,True
/content/data/processed/base/images/train/1e23ee435157a093c0111f69ee7d27e3.jpg,/content/data/processed/synthetic_inpaint/images/train/1e23ee435157a093c0111f69ee7d27e3_selective_c31_0025_s3100067.jpg,31,SR71,"realistic sky background, natural lighting, aviation photography, high resolution, realistic clouds",3100067,True,,0.0,0.1,20,1,1,True,True,True,True
/content/data/processed/base/images/train/1e3b02b9da0a0d0c4d7bcfbfd7633b1e.jpg,/content/data/processed/synthetic_inpaint/images/train/1e3b02b9da0a0d0c4d7bcfbfd7633b1e_selective_c31_0026_s3100068.jpg,31,SR71,"realistic runway background, military airbase, natural lighting, aviation photography",3100068,True,,0.0,0.1,20,1,1,True,True,True,True
/content/data/processed/base/images/train/1e802e79331a4a1f124e8d796f3a465d.jpg,/content/data/processed/synthetic_inpaint/images/train/1e802e79331a4a1f124e8d796f3a465d_selective_c31_0027_s3100069.jpg,31,SR71,"cloudy sky background, realistic atmosphere, aviation photography",3100069,True,,0.0,0.1,20,7,7,True,True,True,True
/content/data/processed/base/images/train/20f286ab3d6c204b2910e0c5980f4fff.jpg,/content/data/processed/synthetic_inpaint/images/train/20f286ab3d6c204b2910e0c5980f4fff_selective_c31_0028_s3100070.jpg,31,SR71,"clear blue sky, sunlight, realistic aircraft photography",3100070,True,,0.0,0.1,20,1,1,True,True,True,True
/content/data/processed/base/images/train/213e2a61a51fd7d03754c44b9ca6fc7e.jpg,/content/data/processed/synthetic_inpaint/images/train/213e2a61a51fd7d03754c44b9ca6fc7e_selective_c31_0029_s3100071.jpg,31,SR71,"desert airfield background, haze, realistic lighting",3100071,True,,0.0,0.1,20,2,2,True,True,True,True
/content/data/processed/base/images/train/218c63a757cb31e3acd696ffe08609b4.jpg,/content/data/processed/synthetic_inpaint/images/train/218c63a757cb31e3acd696ffe08609b4_selective_c31_0030_s3100072.jpg,31,SR71,"realistic sky background, natural lighting, aviation photography, high resolution, realistic clouds",3100072,True,,0.0,0.1,20,1,1,True,True,True,True
/content/data/processed/base/images/train/21d063244cf34023b1175eefba299178.jpg,/content/data/processed/synthetic_inpaint/images/train/21d063244cf34023b1175eefba299178_selective_c31_0031_s3100073.jpg,31,SR71,"realistic runway background, military airbase, natural lighting, aviation photography",3100073,True,,0.0,0.1,20,1,1,True,True,True,True
/content/data/processed/base/images/train/22a5bc17853cff10e51ac076f36f24ab.jpg,/content/data/processed/synthetic_inpaint/images/train/22a5bc17853cff10e51ac076f36f24ab_selective_c31_0032_s3100074.jpg,31,SR71,"cloudy sky background, realistic atmosphere, aviation photography",3100074,True,,0.0,0.1,20,1,1,True,True,True,True
/content/data/processed/base/images/train/25bfd63c996cfba4da542ff5ef53b9b0.jpg,/content/data/processed/synthetic_inpaint/images/train/25bfd63c996cfba4da542ff5ef53b9b0_selective_c31_0033_s3100075.jpg,31,SR71,"clear blue sky, sunlight, realistic aircraft photography",3100075,True,,0.0,0.1,20,1,1,True,True,True,True
/content/data/processed/base/images/train/2869a3d740e7fb2d50a4ffbbdf4484f5.jpg,/content/data/processed/synthetic_inpaint/images/train/2869a3d740e7fb2d50a4ffbbdf4484f5_selective_c31_0034_s3100076.jpg,31,SR71,"desert airfield background, haze, realistic lighting",3100076,True,,0.0,0.1,20,1,1,True,True,True,True
/content/data/processed/base/images/train/288c1b19ef8b77f91b3c1e2d434165d0.jpg,/content/data/processed/synthetic_inpaint/images/train/288c1b19ef8b77f91b3c1e2d434165d0_selective_c31_0035_s3100077.jpg,31,SR71,"realistic sky background, natural lighting, aviation photography, high resolution, realistic clouds",3100077,True,,0.0,0.1,20,1,1,True,True,True,True
/content/data/processed/base/images/train/2bfd27e884e7aa3069fd42da485c829b.jpg,/content/data/processed/synthetic_inpaint/images/train/2bfd27e884e7aa3069fd42da485c829b_selective_c31_0036_s3100078.jpg,31,SR71,"realistic runway background, military airbase, natural lighting, aviation photography",3100078,True,,0.0,0.1,20,1,1,True,True,True,True
/content/data/processed/base/images/train/2cc5129827d600c1fb16540c9f695924.jpg,/content/data/processed/synthetic_inpaint/images/train/2cc5129827d600c1fb16540c9f695924_selective_c31_0037_s3100079.jpg,31,SR71,"cloudy sky background, realistic atmosphere, aviation photography",3100079,True,,0.0,0.1,20,1,1,True,True,True,True
/content/data/processed/base/images/train/2e179cc51a455d922f4c7d7dc41ecf61.jpg,/content/data/processed/synthetic_inpaint/images/train/2e179cc51a455d922f4c7d7dc41ecf61_selective_c31_0038_s3100080.jpg,31,SR71,"clear blue sky, sunlight, realistic aircraft photography",3100080,True,,0.0,0.1,20,1,1,True,True,True,True
/content/data/processed/base/images/train/2e9ca8de1776541d4bf40305af878d93.jpg,/content/data/processed/synthetic_inpaint/images/train/2e9ca8de1776541d4bf40305af878d93_selective_c31_0039_s3100081.jpg,31,SR71,"desert airfield background, haze, realistic lighting",3100081,True,,0.0,0.1,20,1,1,True,True,True,True
/content/data/processed/base/images/train/2f6377ab8bfa3f5021008f52ba2bb41c.jpg,/content/data/processed/synthetic_inpaint/images/train/2f6377ab8bfa3f5021008f52ba2bb41c_selective_c31_0040_s3100082.jpg,31,SR71,"realistic sky background, natural lighting, aviation photography, high resolution, realistic clouds",3100082,True,,0.0,0.1,20,1,1,True,True,True,True
/content/data/processed/base/images/train/2fe5db51e434778bbd1bec2bbe16a3f4.jpg,/content/data/processed/synthetic_inpaint/images/train/2fe5db51e434778bbd1bec2bbe16a3f4_selective_c31_0041_s3100083.jpg,31,SR71,"realistic runway background, military airbase, natural lighting, aviation photography",3100083,True,,0.0,0.1,20,4,4,True,True,True,True
/content/data/processed/base/images/train/313c78fa6e822bbb228649d05108e209.jpg,/content/data/processed/synthetic_inpaint/images/train/313c78fa6e822bbb228649d05108e209_selective_c31_0042_s3100084.jpg,31,SR71,"cloudy sky background, realistic atmosphere, aviation photography",3100084,True,,0.0,0.1,20,1,1,True,True,True,True
/content/data/processed/base/images/train/31be9a7b0eaf33ddf5df861992920ce2.jpg,/content/data/processed/synthetic_inpaint/images/train/31be9a7b0eaf33ddf5df861992920ce2_selective_c31_0043_s3100085.jpg,31,SR71,"clear blue sky, sunlight, realistic aircraft photography",3100085,True,,0.0,0.1,20,1,1,True,True,True,True
/content/data/processed/base/images/train/35a0b426570a899c389d409e05a7de7b.jpg,/content/data/processed/synthetic_inpaint/images/train/35a0b426570a899c389d409e05a7de7b_selective_c31_0044_s3100086.jpg,31,SR71,"desert airfield background, haze, realistic lighting",3100086,True,,0.0,0.1,20,1,1,True,True,True,True
/content/data/processed/base/images/train/36e692424161b65ea0100bb537863af1.jpg,/content/data/processed/synthetic_inpaint/images/train/36e692424161b65ea0100bb537863af1_selective_c31_0045_s3100087.jpg,31,SR71,"realistic sky background, natural lighting, aviation photography, high resolution, realistic clouds",3100087,True,,0.0,0.1,20,1,1,True,True,True,True
/content/data/processed/base/images/train/386089e177bce2b208706dce68e7a6d9.jpg,/content/data/processed/synthetic_inpaint/images/train/386089e177bce2b208706dce68e7a6d9_selective_c31_0046_s3100088.jpg,31,SR71,"realistic runway background, military airbase, natural lighting, aviation photography",3100088,True,,0.0,0.1,20,1,1,True,True,True,True
/content/data/processed/base/images/train/38ca1295b22e483dcbac9f72da718ba7.jpg,/content/data/processed/synthetic_inpaint/images/train/38ca1295b22e483dcbac9f72da718ba7_selective_c31_0047_s3100089.jpg,31,SR71,"cloudy sky background, realistic atmosphere, aviation photography",3100089,True,,0.0,0.1,20,1,1,True,True,True,True
/content/data/processed/base/images/train/392c000b348b5144256e697495714a1d.jpg,/content/data/processed/synthetic_inpaint/images/train/392c000b348b5144256e697495714a1d_selective_c31_0048_s3100090.jpg,31,SR71,"clear blue sky, sunlight, realistic aircraft photography",3100090,True,,0.0,0.1,20,1,1,True,True,True,True
/content/data/processed/base/images/train/398c1314349535bb4923570aee71221b.jpg,/content/data/processed/synthetic_inpaint/images/train/398c1314349535bb4923570aee71221b_selective_c31_0049_s3100091.jpg,31,SR71,"desert airfield background, haze, realistic lighting",3100091,True,,0.0,0.1,20,1,1,True,True,True,True
/content/data/processed/base/images/train/3a0e0487d4bf7ec7fcf9316f07ba19c3.jpg,/content/data/processed/synthetic_inpaint/images/train/3a0e0487d4bf7ec7fcf9316f07ba19c3_selective_c31_0050_s3100092.jpg,31,SR71,"realistic sky background, natural lighting, aviation photography, high resolution, realistic clouds",3100092,True,,0.0,0.1,20,1,1,True,True,True,True
/content/data/processed/base/images/train/3a10f265163ddb381da9bdde7d8ff934.jpg,/content/data/processed/synthetic_inpaint/images/train/3a10f265163ddb381da9bdde7d8ff934_selective_c31_0051_s3100093.jpg,31,SR71,"realistic runway background, military airbase, natural lighting, aviation photography",3100093,True,,0.0,0.1,20,1,1,True,True,True,True
/content/data/processed/base/images/train/3b16139fbe4dea9938bfae84194dd491.jpg,/content/data/processed/synthetic_inpaint/images/train/3b16139fbe4dea9938bfae84194dd491_selective_c31_0052_s3100094.jpg,31,SR71,"cloudy sky background, realistic atmosphere, aviation photography",3100094,True,,0.0,0.1,20,1,1,True,True,True,True
/content/data/processed/base/images/train/3ba2b6dfe8303113ed2921e0e4b6122e.jpg,/content/data/processed/synthetic_inpaint/images/train/3ba2b6dfe8303113ed2921e0e4b6122e_selective_c31_0053_s3100095.jpg,31,SR71,"clear blue sky, sunlight, realistic aircraft photography",3100095,True,,0.0,0.1,20,1,1,True,True,True,True
/content/data/processed/base/images/train/3bedb0ebfab2a1bb013c375ed8b0e6fe.jpg,/content/data/processed/synthetic_inpaint/images/train/3bedb0ebfab2a1bb013c375ed8b0e6fe_selective_c31_0054_s3100096.jpg,31,SR71,"desert airfield background, haze, realistic lighting",3100096,True,,0.0,0.1,20,1,1,True,True,True,True
/content/data/processed/base/images/train/3d320da67ec84910fbec0c75d5e76d00.jpg,/content/data/processed/synthetic_inpaint/images/train/3d320da67ec84910fbec0c75d5e76d00_selective_c31_0055_s3100097.jpg,31,SR71,"realistic sky background, natural lighting, aviation photography, high resolution, realistic clouds",3100097,True,,0.0,0.1,20,1,1,True,True,True,True
/content/data/processed/base/images/train/3d36c2687f17bc70c2139f3f32764003.jpg,/content/data/processed/synthetic_inpaint/images/train/3d36c2687f17bc70c2139f3f32764003_selective_c31_0056_s3100098.jpg,31,SR71,"realistic runway background, military airbase, natural lighting, aviation photography",3100098,True,,0.0,0.1,20,2,2,True,True,True,True
/content/data/processed/base/images/train/3e301901474d54cf4cfcaefcc7ddf7ab.jpg,/content/data/processed/synthetic_inpaint/images/train/3e301901474d54cf4cfcaefcc7ddf7ab_selective_c31_0057_s3100099.jpg,31,SR71,"cloudy sky background, realistic atmosphere, aviation photography",3100099,True,,0.0,0.1,20,2,2,True,True,True,True
/content/data/processed/base/images/train/3e71d9997027b29d06f1d6d1fd311a51.jpg,/content/data/processed/synthetic_inpaint/images/train/3e71d9997027b29d06f1d6d1fd311a51_selective_c31_0058_s3100100.jpg,31,SR71,"clear blue sky, sunlight, realistic aircraft photography",3100100,True,,0.0,0.1,20,3,3,True,True,True,True
/content/data/processed/base/images/train/3f9f99feb46d434881ea748ecae6cefe.jpg,/content/data/processed/synthetic_inpaint/images/train/3f9f99feb46d434881ea748ecae6cefe_selective_c31_0059_s3100101.jpg,31,SR71,"desert airfield background, haze, realistic lighting",3100101,True,,0.0,0.1,20,1,1,True,True,True,True
/content/data/processed/base/images/train/4079675674fd55576de843ffdb16d5af.jpg,/content/data/processed/synthetic_inpaint/images/train/4079675674fd55576de843ffdb16d5af_selective_c31_0060_s3100102.jpg,31,SR71,"realistic sky background, natural lighting, aviation photography, high resolution, realistic clouds",3100102,True,,0.0,0.1,20,1,1,True,True,True,True
/content/data/processed/base/images/train/40a13fa9834714666679bdf30f654fc8.jpg,/content/data/processed/synthetic_inpaint/images/train/40a13fa9834714666679bdf30f654fc8_selective_c31_0061_s3100103.jpg,31,SR71,"realistic runway background, military airbase, natural lighting, aviation photography",3100103,True,,0.0,0.1,20,1,1,True,True,True,True
/content/data/processed/base/images/train/4200e96d489782e08aed57cc058ad9ed.jpg,/content/data/processed/synthetic_inpaint/images/train/4200e96d489782e08aed57cc058ad9ed_selective_c31_0062_s3100104.jpg,31,SR71,"cloudy sky background, realistic atmosphere, aviation photography",3100104,True,,0.0,0.1,20,1,1,True,True,True,True
/content/data/processed/base/images/train/423abe59e4ca24b42cc67e60be2b0223.jpg,/content/data/processed/synthetic_inpaint/images/train/423abe59e4ca24b42cc67e60be2b0223_selective_c31_0063_s3100105.jpg,31,SR71,"clear blue sky, sunlight, realistic aircraft photography",3100105,True,,0.0,0.1,20,2,2,True,True,True,True
/content/data/processed/base/images/train/431bfa3bf827b65e2507299a9bbc9e1b.jpg,/content/data/processed/synthetic_inpaint/images/train/431bfa3bf827b65e2507299a9bbc9e1b_selective_c31_0064_s3100106.jpg,31,SR71,"desert airfield background, haze, realistic lighting",3100106,True,,0.0,0.1,20,1,1,True,True,True,True
/content/data/processed/base/images/train/4332e6ffe05b0bd617fe136b378c3c2a.jpg,/content/data/processed/synthetic_inpaint/images/train/4332e6ffe05b0bd617fe136b378c3c2a_selective_c31_0065_s3100107.jpg,31,SR71,"realistic sky background, natural lighting, aviation photography, high resolution, realistic clouds",3100107,True,,0.0,0.1,20,1,1,True,True,True,True
/content/data/processed/base/images/train/44859ae0140ecf8dcaefab0df11b78d9.jpg,/content/data/processed/synthetic_inpaint/images/train/44859ae0140ecf8dcaefab0df11b78d9_selective_c31_0066_s3100108.jpg,31,SR71,"realistic runway background, military airbase, natural lighting, aviation photography",3100108,True,,0.0,0.1,20,1,1,True,True,True,True
/content/data/processed/base/images/train/456175f1cd80c8d09ed40fe20ded3354.jpg,/content/data/processed/synthetic_inpaint/images/train/456175f1cd80c8d09ed40fe20ded3354_selective_c31_0067_s3100109.jpg,31,SR71,"cloudy sky background, realistic atmosphere, aviation photography",3100109,True,,0.0,0.1,20,1,1,True,True,True,True
/content/data/processed/base/images/train/463dadf780a7caf83a6f9e089ebbee50.jpg,/content/data/processed/synthetic_inpaint/images/train/463dadf780a7caf83a6f9e089ebbee50_selective_c31_0068_s3100110.jpg,31,SR71,"clear blue sky, sunlight, realistic aircraft photography",3100110,True,,0.0,0.1,20,1,1,True,True,True,True
/content/data/processed/base/images/train/47d9ccbb0dbc5f6c629418fc0b08cb73.jpg,/content/data/processed/synthetic_inpaint/images/train/47d9ccbb0dbc5f6c629418fc0b08cb73_selective_c31_0069_s3100111.jpg,31,SR71,"desert airfield background, haze, realistic lighting",3100111,True,,0.0,0.1,20,1,1,True,True,True,True
/content/data/processed/base/images/train/48beb3b306bdcbde3d801db0ca090b5a.jpg,/content/data/processed/synthetic_inpaint/images/train/48beb3b306bdcbde3d801db0ca090b5a_selective_c31_0070_s3100112.jpg,31,SR71,"realistic sky background, natural lighting, aviation photography, high resolution, realistic clouds",3100112,True,,0.0,0.1,20,1,1,True,True,True,True
/content/data/processed/base/images/train/49657358993082d71380ba6ffe66cdc7.jpg,/content/data/processed/synthetic_inpaint/images/train/49657358993082d71380ba6ffe66cdc7_selective_c31_0071_s3100113.jpg,31,SR71,"realistic runway background, military airbase, natural lighting, aviation photography",3100113,True,,0.0,0.1,20,1,1,True,True,True,True
/content/data/processed/base/images/train/4a87b88e5794114c8efbab526c1df4b9.jpg,/content/data/processed/synthetic_inpaint/images/train/4a87b88e5794114c8efbab526c1df4b9_selective_c31_0072_s3100114.jpg,31,SR71,"cloudy sky background, realistic atmosphere, aviation photography",3100114,True,,0.0,0.1,20,1,1,True,True,True,True
/content/data/processed/base/images/train/4af52202f77beb11ba59ce2056aa7878.jpg,/content/data/processed/synthetic_inpaint/images/train/4af52202f77beb11ba59ce2056aa7878_selective_c31_0073_s3100115.jpg,31,SR71,"clear blue sky, sunlight, realistic aircraft photography",3100115,True,,0.0,0.1,20,1,1,True,True,True,True
/content/data/processed/base/images/train/4ca5a5af4443d088c4c197524214338b.jpg,/content/data/processed/synthetic_inpaint/images/train/4ca5a5af4443d088c4c197524214338b_selective_c31_0074_s3100116.jpg,31,SR71,"desert airfield background, haze, realistic lighting",3100116,True,,0.0,0.1,20,1,1,True,True,True,True
/content/data/processed/base/images/train/4ecace262ae517348bca1d15f930a7a3.jpg,/content/data/processed/synthetic_inpaint/images/train/4ecace262ae517348bca1d15f930a7a3_selective_c31_0075_s3100117.jpg,31,SR71,"realistic sky background, natural lighting, aviation photography, high resolution, realistic clouds",3100117,True,,0.0,0.1,20,1,1,True,True,True,True
/content/data/processed/base/images/train/4f85650c4e64fb187329c049ed540d33.jpg,/content/data/processed/synthetic_inpaint/images/train/4f85650c4e64fb187329c049ed540d33_selective_c31_0076_s3100118.jpg,31,SR71,"realistic runway background, military airbase, natural lighting, aviation photography",3100118,True,,0.0,0.1,20,2,2,True,True,True,True
/content/data/processed/base/images/train/55434a5c9950f2eb9412b78008be766f.jpg,/content/data/processed/synthetic_inpaint/images/train/55434a5c9950f2eb9412b78008be766f_selective_c31_0077_s3100119.jpg,31,SR71,"cloudy sky background, realistic atmosphere, aviation photography",3100119,True,,0.0,0.1,20,2,2,True,True,True,True
/content/data/processed/base/images/train/55f85ba69573e2edc7cbe6b3f0e1e192.jpg,/content/data/processed/synthetic_inpaint/images/train/55f85ba69573e2edc7cbe6b3f0e1e192_selective_c31_0078_s3100120.jpg,31,SR71,"clear blue sky, sunlight, realistic aircraft photography",3100120,True,,0.0,0.1,20,1,1,True,True,True,True
/content/data/processed/base/images/train/56028966dbd0b091bca1c3b46caa3bc0.jpg,/content/data/processed/synthetic_inpaint/images/train/56028966dbd0b091bca1c3b46caa3bc0_selective_c31_0079_s3100121.jpg,31,SR71,"desert airfield background, haze, realistic lighting",3100121,True,,0.0,0.1,20,5,5,True,True,True,True
/content/data/processed/base/images/train/018f9df9e1087c69a2fccde8c1a36594.jpg,/content/data/processed/synthetic_inpaint/images/train/018f9df9e1087c69a2fccde8c1a36594_selective_c36_0000_s3600042.jpg,36,Tu95,"realistic sky background, natural lighting, aviation photography, high resolution, realistic clouds",3600042,True,,0.0,0.1,20,1,1,True,True,True,True
/content/data/processed/base/images/train/02f9db60647368db7a7651d2b24531ed.jpg,/content/data/processed/synthetic_inpaint/images/train/02f9db60647368db7a7651d2b24531ed_selective_c36_0001_s3600043.jpg,36,Tu95,"realistic runway background, military airbase, natural lighting, aviation photography",3600043,True,,0.0,0.1,20,1,1,True,True,True,True
/content/data/processed/base/images/train/04705e0911ce7e3dfebf94037d3acdb7.jpg,/content/data/processed/synthetic_inpaint/images/train/04705e0911ce7e3dfebf94037d3acdb7_selective_c36_0002_s3600044.jpg,36,Tu95,"cloudy sky background, realistic atmosphere, aviation photography",3600044,True,,0.0,0.1,20,5,5,True,True,True,True
/content/data/processed/base/images/train/04b448ccd55d98a8c0516c2488490e19.jpg,/content/data/processed/synthetic_inpaint/images/train/04b448ccd55d98a8c0516c2488490e19_selective_c36_0003_s3600045.jpg,36,Tu95,"clear blue sky, sunlight, realistic aircraft photography",3600045,True,,0.0,0.1,20,1,1,True,True,True,True
/content/data/processed/base/images/train/050b54dee22d97329b7355d9ecff4f47.jpg,/content/data/processed/synthetic_inpaint/images/train/050b54dee22d97329b7355d9ecff4f47_selective_c36_0004_s3600046.jpg,36,Tu95,"desert airfield background, haze, realistic lighting",3600046,True,,0.0,0.1,20,2,2,True,True,True,True
/content/data/processed/base/images/train/05b8a34a6c9a898aa7beb5665762c921.jpg,/content/data/processed/synthetic_inpaint/images/train/05b8a34a6c9a898aa7beb5665762c921_selective_c36_0005_s3600047.jpg,36,Tu95,"realistic sky background, natural lighting, aviation photography, high resolution, realistic clouds",3600047,True,,0.0,0.1,20,1,1,True,True,True,True
/content/data/processed/base/images/train/05f1f551c874aca4ea2769cc0d99d288.jpg,/content/data/processed/synthetic_inpaint/images/train/05f1f551c874aca4ea2769cc0d99d288_selective_c36_0006_s3600048.jpg,36,Tu95,"realistic runway background, military airbase, natural lighting, aviation photography",3600048,True,,0.0,0.1,20,2,2,True,True,True,True
/content/data/processed/base/images/train/08405193704c814723219c3af502d0f9.jpg,/content/data/processed/synthetic_inpaint/images/train/08405193704c814723219c3af502d0f9_selective_c36_0007_s3600049.jpg,36,Tu95,"cloudy sky background, realistic atmosphere, aviation photography",3600049,True,,0.0,0.1,20,4,4,True,True,True,True
/content/data/processed/base/images/train/0a5949e0becc141b8526667b32cbbc61.jpg,/content/data/processed/synthetic_inpaint/images/train/0a5949e0becc141b8526667b32cbbc61_selective_c36_0008_s3600050.jpg,36,Tu95,"clear blue sky, sunlight, realistic aircraft photography",3600050,True,,0.0,0.1,20,3,3,True,True,True,True
/content/data/processed/base/images/train/0b1a8f51998b8fca62a0689f91f3bf27.jpg,/content/data/processed/synthetic_inpaint/images/train/0b1a8f51998b8fca62a0689f91f3bf27_selective_c36_0009_s3600051.jpg,36,Tu95,"desert airfield background, haze, realistic lighting",3600051,True,,0.0,0.1,20,2,2,True,True,True,True
/content/data/processed/base/images/train/0c0e0db6d562c7287018f1aa47a93cb1.jpg,/content/data/processed/synthetic_inpaint/images/train/0c0e0db6d562c7287018f1aa47a93cb1_selective_c36_0010_s3600052.jpg,36,Tu95,"realistic sky background, natural lighting, aviation photography, high resolution, realistic clouds",3600052,True,,0.0,0.1,20,1,1,True,True,True,True
/content/data/processed/base/images/train/119a33251e372d9bdeae49183bf48092.jpg,/content/data/processed/synthetic_inpaint/images/train/119a33251e372d9bdeae49183bf48092_selective_c36_0011_s3600053.jpg,36,Tu95,"realistic runway background, military airbase, natural lighting, aviation photography",3600053,True,,0.0,0.1,20,2,2,True,True,True,True
/content/data/processed/base/images/train/129ef6eca8cd3fdf0c8b4c362f3fa69a.jpg,/content/data/processed/synthetic_inpaint/images/train/129ef6eca8cd3fdf0c8b4c362f3fa69a_selective_c36_0012_s3600054.jpg,36,Tu95,"cloudy sky background, realistic atmosphere, aviation photography",3600054,True,,0.0,0.1,20,1,1,True,True,True,True
/content/data/processed/base/images/train/16f53965a797561910832651b10f97a5.jpg,/content/data/processed/synthetic_inpaint/images/train/16f53965a797561910832651b10f97a5_selective_c36_0013_s3600055.jpg,36,Tu95,"clear blue sky, sunlight, realistic aircraft photography",3600055,True,,0.0,0.1,20,4,4,True,True,True,True
/content/data/processed/base/images/train/1a2f8b0069222d3c1391d1c2e92c56a4.jpg,/content/data/processed/synthetic_inpaint/images/train/1a2f8b0069222d3c1391d1c2e92c56a4_selective_c36_0014_s3600056.jpg,36,Tu95,"desert airfield background, haze, realistic lighting",3600056,True,,0.0,0.1,20,1,1,True,True,True,True
/content/data/processed/base/images/train/1d2091e5f8ce828e9dc99179dae41c40.jpg,/content/data/processed/synthetic_inpaint/images/train/1d2091e5f8ce828e9dc99179dae41c40_selective_c36_0015_s3600057.jpg,36,Tu95,"realistic sky background, natural lighting, aviation photography, high resolution, realistic clouds",3600057,True,,0.0,0.1,20,2,2,True,True,True,True
/content/data/processed/base/images/train/1f7f8d9e62a4d9a5292cfc41f7108f5b.jpg,/content/data/processed/synthetic_inpaint/images/train/1f7f8d9e62a4d9a5292cfc41f7108f5b_selective_c36_0016_s3600058.jpg,36,Tu95,"realistic runway background, military airbase, natural lighting, aviation photography",3600058,True,,0.0,0.1,20,1,1,True,True,True,True
/content/data/processed/base/images/train/1f9b69f230e1bfebeaa7593a5ed985e3.jpg,/content/data/processed/synthetic_inpaint/images/train/1f9b69f230e1bfebeaa7593a5ed985e3_selective_c36_0017_s3600059.jpg,36,Tu95,"cloudy sky background, realistic atmosphere, aviation photography",3600059,True,,0.0,0.1,20,1,1,True,True,True,True
/content/data/processed/base/images/train/20e8f6ae7e3a718bc35b50c2f862ff04.jpg,/content/data/processed/synthetic_inpaint/images/train/20e8f6ae7e3a718bc35b50c2f862ff04_selective_c36_0018_s3600060.jpg,36,Tu95,"clear blue sky, sunlight, realistic aircraft photography",3600060,True,,0.0,0.1,20,1,1,True,True,True,True
/content/data/processed/base/images/train/219561aacda76365a6bb412ff0056549.jpg,/content/data/processed/synthetic_inpaint/images/train/219561aacda76365a6bb412ff0056549_selective_c36_0019_s3600061.jpg,36,Tu95,"desert airfield background, haze, realistic lighting",3600061,True,,0.0,0.1,20,2,2,True,True,True,True
/content/data/processed/base/images/train/220f8775faffabe637cb1637f83f2d23.jpg,/content/data/processed/synthetic_inpaint/images/train/220f8775faffabe637cb1637f83f2d23_selective_c36_0020_s3600062.jpg,36,Tu95,"realistic sky background, natural lighting, aviation photography, high resolution, realistic clouds",3600062,True,,0.0,0.1,20,3,3,True,True,True,True
/content/data/processed/base/images/train/22c356100316faf712151e3ed200237d.jpg,/content/data/processed/synthetic_inpaint/images/train/22c356100316faf712151e3ed200237d_selective_c36_0021_s3600063.jpg,36,Tu95,"realistic runway background, military airbase, natural lighting, aviation photography",3600063,True,,0.0,0.1,20,1,1,True,True,True,True
/content/data/processed/base/images/train/25dad1a7cd7197050cf21fe134e668e8.jpg,/content/data/processed/synthetic_inpaint/images/train/25dad1a7cd7197050cf21fe134e668e8_selective_c36_0022_s3600064.jpg,36,Tu95,"cloudy sky background, realistic atmosphere, aviation photography",3600064,True,,0.0,0.1,20,2,2,True,True,True,True
/content/data/processed/base/images/train/2626b1bff5cab98b008827bcee2e508d.jpg,/content/data/processed/synthetic_inpaint/images/train/2626b1bff5cab98b008827bcee2e508d_selective_c36_0023_s3600065.jpg,36,Tu95,"clear blue sky, sunlight, realistic aircraft photography",3600065,True,,0.0,0.1,20,2,2,True,True,True,True
/content/data/processed/base/images/train/27ee17e2c031ca3c0cf5553b6c0b52f0.jpg,/content/data/processed/synthetic_inpaint/images/train/27ee17e2c031ca3c0cf5553b6c0b52f0_selective_c36_0024_s3600066.jpg,36,Tu95,"desert airfield background, haze, realistic lighting",3600066,True,,0.0,0.1,20,3,3,True,True,True,True
/content/data/processed/base/images/train/284eb73a73b96cb622247c12207db017.jpg,/content/data/processed/synthetic_inpaint/images/train/284eb73a73b96cb622247c12207db017_selective_c36_0025_s3600067.jpg,36,Tu95,"realistic sky background, natural lighting, aviation photography, high resolution, realistic clouds",3600067,True,,0.0,0.1,20,2,2,True,True,True,True
/content/data/processed/base/images/train/2b8e5a8c9eafe2cb10f06ccbf02a4b60.jpg,/content/data/processed/synthetic_inpaint/images/train/2b8e5a8c9eafe2cb10f06ccbf02a4b60_selective_c36_0026_s3600068.jpg,36,Tu95,"realistic runway background, military airbase, natural lighting, aviation photography",3600068,True,,0.0,0.1,20,2,2,True,True,True,True
/content/data/processed/base/images/train/2c2a8b6cc09aa65730fb48ce12dfcbca.jpg,/content/data/processed/synthetic_inpaint/images/train/2c2a8b6cc09aa65730fb48ce12dfcbca_selective_c36_0027_s3600069.jpg,36,Tu95,"cloudy sky background, realistic atmosphere, aviation photography",3600069,True,,0.0,0.1,20,3,3,True,True,True,True
/content/data/processed/base/images/train/2cede101d334f8aced9030ef58e61832.jpg,/content/data/processed/synthetic_inpaint/images/train/2cede101d334f8aced9030ef58e61832_selective_c36_0028_s3600070.jpg,36,Tu95,"clear blue sky, sunlight, realistic aircraft photography",3600070,True,,0.0,0.1,20,1,1,True,True,True,True
/content/data/processed/base/images/train/34d5ea545c7900cbc9c79464007eaf69.jpg,/content/data/processed/synthetic_inpaint/images/train/34d5ea545c7900cbc9c79464007eaf69_selective_c36_0029_s3600071.jpg,36,Tu95,"desert airfield background, haze, realistic lighting",3600071,True,,0.0,0.1,20,3,3,True,True,True,True
/content/data/processed/base/images/train/378b71ee3957e6700f1b9c4f47acb1bc.jpg,/content/data/processed/synthetic_inpaint/images/train/378b71ee3957e6700f1b9c4f47acb1bc_selective_c36_0030_s3600072.jpg,36,Tu95,"realistic sky background, natural lighting, aviation photography, high resolution, realistic clouds",3600072,True,,0.0,0.1,20,3,3,True,True,True,True
/content/data/processed/base/images/train/37d2783f2a50a0f7b0fd4e8e7428499f.jpg,/content/data/processed/synthetic_inpaint/images/train/37d2783f2a50a0f7b0fd4e8e7428499f_selective_c36_0031_s3600073.jpg,36,Tu95,"realistic runway background, military airbase, natural lighting, aviation photography",3600073,True,,0.0,0.1,20,1,1,True,True,True,True
/content/data/processed/base/images/train/3c3edb8e48e0ae659f9c71caeee577da.jpg,/content/data/processed/synthetic_inpaint/images/train/3c3edb8e48e0ae659f9c71caeee577da_selective_c36_0032_s3600074.jpg,36,Tu95,"cloudy sky background, realistic atmosphere, aviation photography",3600074,True,,0.0,0.1,20,3,3,True,True,True,True
/content/data/processed/base/images/train/3d00d330ac35643bd2b641b0cdfbd1c1.jpg,/content/data/processed/synthetic_inpaint/images/train/3d00d330ac35643bd2b641b0cdfbd1c1_selective_c36_0033_s3600075.jpg,36,Tu95,"clear blue sky, sunlight, realistic aircraft photography",3600075,True,,0.0,0.1,20,1,1,True,True,True,True
/content/data/processed/base/images/train/3d74bae1526fa3ddcd2b74b7c12c111e.jpg,/content/data/processed/synthetic_inpaint/images/train/3d74bae1526fa3ddcd2b74b7c12c111e_selective_c36_0034_s3600076.jpg,36,Tu95,"desert airfield background, haze, realistic lighting",3600076,True,,0.0,0.1,20,1,1,True,True,True,True
/content/data/processed/base/images/train/3d97477d5b418343c326db3e90fde74e.jpg,/content/data/processed/synthetic_inpaint/images/train/3d97477d5b418343c326db3e90fde74e_selective_c36_0035_s3600077.jpg,36,Tu95,"realistic sky background, natural lighting, aviation photography, high resolution, realistic clouds",3600077,True,,0.0,0.1,20,1,1,True,True,True,True
/content/data/processed/base/images/train/3ef02b41797a1c2be56d44affe13a574.jpg,/content/data/processed/synthetic_inpaint/images/train/3ef02b41797a1c2be56d44affe13a574_selective_c36_0036_s3600078.jpg,36,Tu95,"realistic runway background, military airbase, natural lighting, aviation photography",3600078,True,,0.0,0.1,20,1,1,True,True,True,True
/content/data/processed/base/images/train/431de9181a407f1618cf151a5bd6e447.jpg,/content/data/processed/synthetic_inpaint/images/train/431de9181a407f1618cf151a5bd6e447_selective_c36_0037_s3600079.jpg,36,Tu95,"cloudy sky background, realistic atmosphere, aviation photography",3600079,True,,0.0,0.1,20,2,2,True,True,True,True
/content/data/processed/base/images/train/44d04f4944db9d0f7192241ccf987f17.jpg,/content/data/processed/synthetic_inpaint/images/train/44d04f4944db9d0f7192241ccf987f17_selective_c36_0038_s3600080.jpg,36,Tu95,"clear blue sky, sunlight, realistic aircraft photography",3600080,True,,0.0,0.1,20,1,1,True,True,True,True
/content/data/processed/base/images/train/44e1492cb59d3481824f84c7d3646fc3.jpg,/content/data/processed/synthetic_inpaint/images/train/44e1492cb59d3481824f84c7d3646fc3_selective_c36_0039_s3600081.jpg,36,Tu95,"desert airfield background, haze, realistic lighting",3600081,True,,0.0,0.1,20,2,2,True,True,True,True
/content/data/processed/base/images/train/450db7a108c3a80152e52da7760a1336.jpg,/content/data/processed/synthetic_inpaint/images/train/450db7a108c3a80152e52da7760a1336_selective_c36_0040_s3600082.jpg,36,Tu95,"realistic sky background, natural lighting, aviation photography, high resolution, realistic clouds",3600082,True,,0.0,0.1,20,1,1,True,True,True,True
/content/data/processed/base/images/train/454d9cfffb507aa728e4735e55a44271.jpg,/content/data/processed/synthetic_inpaint/images/train/454d9cfffb507aa728e4735e55a44271_selective_c36_0041_s3600083.jpg,36,Tu95,"realistic runway background, military airbase, natural lighting, aviation photography",3600083,True,,0.0,0.1,20,1,1,True,True,True,True
/content/data/processed/base/images/train/4564638eb6388d31c0238411f69049bd.jpg,/content/data/processed/synthetic_inpaint/images/train/4564638eb6388d31c0238411f69049bd_selective_c36_0042_s3600084.jpg,36,Tu95,"cloudy sky background, realistic atmosphere, aviation photography",3600084,True,,0.0,0.1,20,1,1,True,True,True,True
/content/data/processed/base/images/train/46b244b50622372388ea0f4bbfd57068.jpg,/content/data/processed/synthetic_inpaint/images/train/46b244b50622372388ea0f4bbfd57068_selective_c36_0043_s3600085.jpg,36,Tu95,"clear blue sky, sunlight, realistic aircraft photography",3600085,True,,0.0,0.1,20,1,1,True,True,True,True
/content/data/processed/base/images/train/4876c298dc0412e915e39cc861efb669.jpg,/content/data/processed/synthetic_inpaint/images/train/4876c298dc0412e915e39cc861efb669_selective_c36_0044_s3600086.jpg,36,Tu95,"desert airfield background, haze, realistic lighting",3600086,True,,0.0,0.1,20,1,1,True,True,True,True
/content/data/processed/base/images/train/49423fdf88d80aefa45c947bb34f5fee.jpg,/content/data/processed/synthetic_inpaint/images/train/49423fdf88d80aefa45c947bb34f5fee_selective_c36_0045_s3600087.jpg,36,Tu95,"realistic sky background, natural lighting, aviation photography, high resolution, realistic clouds",3600087,True,,0.0,0.1,20,1,1,True,True,True,True
/content/data/processed/base/images/train/49570161c7ee0690e6e6c98cf992e925.jpg,/content/data/processed/synthetic_inpaint/images/train/49570161c7ee0690e6e6c98cf992e925_selective_c36_0046_s3600088.jpg,36,Tu95,"realistic runway background, military airbase, natural lighting, aviation photography",3600088,True,,0.0,0.1,20,2,2,True,True,True,True
/content/data/processed/base/images/train/4b45d2aaa320a074318da3d8605cf469.jpg,/content/data/processed/synthetic_inpaint/images/train/4b45d2aaa320a074318da3d8605cf469_selective_c36_0047_s3600089.jpg,36,Tu95,"cloudy sky background, realistic atmosphere, aviation photography",3600089,True,,0.0,0.1,20,2,2,True,True,True,True
/content/data/processed/base/images/train/4b4986f01e7c6827c31e97c66e2d20c5.jpg,/content/data/processed/synthetic_inpaint/images/train/4b4986f01e7c6827c31e97c66e2d20c5_selective_c36_0048_s3600090.jpg,36,Tu95,"clear blue sky, sunlight, realistic aircraft photography",3600090,True,,0.0,0.1,20,2,2,True,True,True,True
/content/data/processed/base/images/train/4d0b91855f9f4de879922dd7b80de142.jpg,/content/data/processed/synthetic_inpaint/images/train/4d0b91855f9f4de879922dd7b80de142_selective_c36_0049_s3600091.jpg,36,Tu95,"desert airfield background, haze, realistic lighting",3600091,True,,0.0,0.1,20,1,1,True,True,True,True
/content/data/processed/base/images/train/4fc60da92d8c1214530b146e56d843f6.jpg,/content/data/processed/synthetic_inpaint/images/train/4fc60da92d8c1214530b146e56d843f6_selective_c36_0050_s3600092.jpg,36,Tu95,"realistic sky background, natural lighting, aviation photography, high resolution, realistic clouds",3600092,True,,0.0,0.1,20,3,3,True,True,True,True
/content/data/processed/base/images/train/50807e17d0da858f218b6ad63d2a8836.jpg,/content/data/processed/synthetic_inpaint/images/train/50807e17d0da858f218b6ad63d2a8836_selective_c36_0051_s3600093.jpg,36,Tu95,"realistic runway background, military airbase, natural lighting, aviation photography",3600093,True,,0.0,0.1,20,1,1,True,True,True,True
/content/data/processed/base/images/train/522e90a6f0c406fe00c5456ed9f2c292.jpg,/content/data/processed/synthetic_inpaint/images/train/522e90a6f0c406fe00c5456ed9f2c292_selective_c36_0052_s3600094.jpg,36,Tu95,"cloudy sky background, realistic atmosphere, aviation photography",3600094,True,,0.0,0.1,20,2,2,True,True,True,True
/content/data/processed/base/images/train/524b34ce59f781d2f72bc7407e8cba85.jpg,/content/data/processed/synthetic_inpaint/images/train/524b34ce59f781d2f72bc7407e8cba85_selective_c36_0053_s3600095.jpg,36,Tu95,"clear blue sky, sunlight, realistic aircraft photography",3600095,True,,0.0,0.1,20,1,1,True,True,True,True
/content/data/processed/base/images/train/53b3696416f25401a96afa61b8888c8d.jpg,/content/data/processed/synthetic_inpaint/images/train/53b3696416f25401a96afa61b8888c8d_selective_c36_0054_s3600096.jpg,36,Tu95,"desert airfield background, haze, realistic lighting",3600096,True,,0.0,0.1,20,1,1,True,True,True,True
/content/data/processed/base/images/train/53cf11094b162f502311cdec4aa50d1f.jpg,/content/data/processed/synthetic_inpaint/images/train/53cf11094b162f502311cdec4aa50d1f_selective_c36_0055_s3600097.jpg,36,Tu95,"realistic sky background, natural lighting, aviation photography, high resolution, realistic clouds",3600097,True,,0.0,0.1,20,1,1,True,True,True,True
/content/data/processed/base/images/train/55249866a8af2738f69e203164b67700.jpg,/content/data/processed/synthetic_inpaint/images/train/55249866a8af2738f69e203164b67700_selective_c36_0056_s3600098.jpg,36,Tu95,"realistic runway background, military airbase, natural lighting, aviation photography",3600098,True,,0.0,0.1,20,3,3,True,True,True,True
/content/data/processed/base/images/train/57215cbdc6957921d2a97b748d718330.jpg,/content/data/processed/synthetic_inpaint/images/train/57215cbdc6957921d2a97b748d718330_selective_c36_0057_s3600099.jpg,36,Tu95,"cloudy sky background, realistic atmosphere, aviation photography",3600099,True,,0.0,0.1,20,2,2,True,True,True,True
/content/data/processed/base/images/train/5773c0c16d0ad09cc2ca8f5688980505.jpg,/content/data/processed/synthetic_inpaint/images/train/5773c0c16d0ad09cc2ca8f5688980505_selective_c36_0058_s3600100.jpg,36,Tu95,"clear blue sky, sunlight, realistic aircraft photography",3600100,True,,0.0,0.1,20,3,3,True,True,True,True
/content/data/processed/base/images/train/5aa859470210f63af783139806ff4ff6.jpg,/content/data/processed/synthetic_inpaint/images/train/5aa859470210f63af783139806ff4ff6_selective_c36_0059_s3600101.jpg,36,Tu95,"desert airfield background, haze, realistic lighting",3600101,True,,0.0,0.1,20,1,1,True,True,True,True
/content/data/processed/base/images/train/5b1803d0cd680579a4ad4a87651e9a8f.jpg,/content/data/processed/synthetic_inpaint/images/train/5b1803d0cd680579a4ad4a87651e9a8f_selective_c36_0060_s3600102.jpg,36,Tu95,"realistic sky background, natural lighting, aviation photography, high resolution, realistic clouds",3600102,True,,0.0,0.1,20,5,5,True,True,True,True
/content/data/processed/base/images/train/632ab25d3f54a28927ba11b011e8716a.jpg,/content/data/processed/synthetic_inpaint/images/train/632ab25d3f54a28927ba11b011e8716a_selective_c36_0061_s3600103.jpg,36,Tu95,"realistic runway background, military airbase, natural lighting, aviation photography",3600103,True,,0.0,0.1,20,1,1,True,True,True,True
/content/data/processed/base/images/train/6372f5dc379081ff746bcb6e163278cd.jpg,/content/data/processed/synthetic_inpaint/images/train/6372f5dc379081ff746bcb6e163278cd_selective_c36_0062_s3600104.jpg,36,Tu95,"cloudy sky background, realistic atmosphere, aviation photography",3600104,True,,0.0,0.1,20,1,1,True,True,True,True
/content/data/processed/base/images/train/642fdc33ed0752ec3edc0a1df42b1488.jpg,/content/data/processed/synthetic_inpaint/images/train/642fdc33ed0752ec3edc0a1df42b1488_selective_c36_0063_s3600105.jpg,36,Tu95,"clear blue sky, sunlight, realistic aircraft photography",3600105,True,,0.0,0.1,20,1,1,True,True,True,True
/content/data/processed/base/images/train/66cbf03f986ca4fcef9b8d32f5fbb361.jpg,/content/data/processed/synthetic_inpaint/images/train/66cbf03f986ca4fcef9b8d32f5fbb361_selective_c36_0064_s3600106.jpg,36,Tu95,"desert airfield background, haze, realistic lighting",3600106,True,,0.0,0.1,20,1,1,True,True,True,True
/content/data/processed/base/images/train/6738e00122086c956b5f47fefc5dcd46.jpg,/content/data/processed/synthetic_inpaint/images/train/6738e00122086c956b5f47fefc5dcd46_selective_c36_0065_s3600107.jpg,36,Tu95,"realistic sky background, natural lighting, aviation photography, high resolution, realistic clouds",3600107,True,,0.0,0.1,20,2,2,True,True,True,True
/content/data/processed/base/images/train/6a9b0bf18a5b47622dfbb8a96056737b.jpg,/content/data/processed/synthetic_inpaint/images/train/6a9b0bf18a5b47622dfbb8a96056737b_selective_c36_0066_s3600108.jpg,36,Tu95,"realistic runway background, military airbase, natural lighting, aviation photography",3600108,True,,0.0,0.1,20,2,2,True,True,True,True
/content/data/processed/base/images/train/6f49c0692ae586658f14dc41be6c7b79.jpg,/content/data/processed/synthetic_inpaint/images/train/6f49c0692ae586658f14dc41be6c7b79_selective_c36_0067_s3600109.jpg,36,Tu95,"cloudy sky background, realistic atmosphere, aviation photography",3600109,True,,0.0,0.1,20,1,1,True,True,True,True
/content/data/processed/base/images/train/70c8d69ec60001e1b1f77845d5b83d19.jpg,/content/data/processed/synthetic_inpaint/images/train/70c8d69ec60001e1b1f77845d5b83d19_selective_c36_0068_s3600110.jpg,36,Tu95,"clear blue sky, sunlight, realistic aircraft photography",3600110,True,,0.0,0.1,20,4,4,True,True,True,True
/content/data/processed/base/images/train/72566cbdc90e3caedcdfa512938ed12f.jpg,/content/data/processed/synthetic_inpaint/images/train/72566cbdc90e3caedcdfa512938ed12f_selective_c36_0069_s3600111.jpg,36,Tu95,"desert airfield background, haze, realistic lighting",3600111,True,,0.0,0.1,20,3,3,True,True,True,True
/content/data/processed/base/images/train/725ad4dcfe879f95b5b8aa1a76c73b0e.jpg,/content/data/processed/synthetic_inpaint/images/train/725ad4dcfe879f95b5b8aa1a76c73b0e_selective_c36_0070_s3600112.jpg,36,Tu95,"realistic sky background, natural lighting, aviation photography, high resolution, realistic clouds",3600112,True,,0.0,0.1,20,1,1,True,True,True,True
/content/data/processed/base/images/train/7261cec936209253b54e8f79e6b84923.jpg,/content/data/processed/synthetic_inpaint/images/train/7261cec936209253b54e8f79e6b84923_selective_c36_0071_s3600113.jpg,36,Tu95,"realistic runway background, military airbase, natural lighting, aviation photography",3600113,True,,0.0,0.1,20,5,5,True,True,True,True
/content/data/processed/base/images/train/73a845cb360f3d5a5ab61c68bd67b448.jpg,/content/data/processed/synthetic_inpaint/images/train/73a845cb360f3d5a5ab61c68bd67b448_selective_c36_0072_s3600114.jpg,36,Tu95,"cloudy sky background, realistic atmosphere, aviation photography",3600114,True,,0.0,0.1,20,1,1,True,True,True,True
/content/data/processed/base/images/train/756097335f6264c09d17bc34d6fb504e.jpg,/content/data/processed/synthetic_inpaint/images/train/756097335f6264c09d17bc34d6fb504e_selective_c36_0073_s3600115.jpg,36,Tu95,"clear blue sky, sunlight, realistic aircraft photography",3600115,True,,0.0,0.1,20,1,1,True,True,True,True
/content/data/processed/base/images/train/7aa8179d0d332c3b237468a246d958f6.jpg,/content/data/processed/synthetic_inpaint/images/train/7aa8179d0d332c3b237468a246d958f6_selective_c36_0074_s3600116.jpg,36,Tu95,"desert airfield background, haze, realistic lighting",3600116,True,,0.0,0.1,20,1,1,True,True,True,True
/content/data/processed/base/images/train/7aa948dc5cad6841f64fe790fbe03603.jpg,/content/data/processed/synthetic_inpaint/images/train/7aa948dc5cad6841f64fe790fbe03603_selective_c36_0075_s3600117.jpg,36,Tu95,"realistic sky background, natural lighting, aviation photography, high resolution, realistic clouds",3600117,True,,0.0,0.1,20,2,2,True,True,True,True
/content/data/processed/base/images/train/7d59845602e8b2f5934589626ba91f3b.jpg,/content/data/processed/synthetic_inpaint/images/train/7d59845602e8b2f5934589626ba91f3b_selective_c36_0076_s3600118.jpg,36,Tu95,"realistic runway background, military airbase, natural lighting, aviation photography",3600118,True,,0.0,0.1,20,1,1,True,True,True,True
/content/data/processed/base/images/train/7e0a75e9eed29fe2c3f09947b77c7bdd.jpg,/content/data/processed/synthetic_inpaint/images/train/7e0a75e9eed29fe2c3f09947b77c7bdd_selective_c36_0077_s3600119.jpg,36,Tu95,"cloudy sky background, realistic atmosphere, aviation photography",3600119,True,,0.0,0.1,20,1,1,True,True,True,True
/content/data/processed/base/images/train/7f891f49100c0471a1f54bc2efe017b5.jpg,/content/data/processed/synthetic_inpaint/images/train/7f891f49100c0471a1f54bc2efe017b5_selective_c36_0078_s3600120.jpg,36,Tu95,"clear blue sky, sunlight, realistic aircraft photography",3600120,True,,0.0,0.1,20,6,6,True,True,True,True
/content/data/processed/base/images/train/7fad32da072473fb906ecdb9f28e2716.jpg,/content/data/processed/synthetic_inpaint/images/train/7fad32da072473fb906ecdb9f28e2716_selective_c36_0079_s3600121.jpg,36,Tu95,"desert airfield background, haze, realistic lighting",3600121,True,,0.0,0.1,20,2,2,True,True,True,True
/content/data/processed/base/images/train/00935c77afba93917a253d8d47dba0f5.jpg,/content/data/processed/synthetic_inpaint/images/train/00935c77afba93917a253d8d47dba0f5_selective_c35_0000_s3500042.jpg,35,Tu160,"realistic sky background, natural lighting, aviation photography, high resolution, realistic clouds",3500042,True,,0.0,0.1,20,1,1,True,True,True,True
/content/data/processed/base/images/train/00c469711cece905455462094a77cc4f.jpg,/content/data/processed/synthetic_inpaint/images/train/00c469711cece905455462094a77cc4f_selective_c35_0001_s3500043.jpg,35,Tu160,"realistic runway background, military airbase, natural lighting, aviation photography",3500043,True,,0.0,0.1,20,2,2,True,True,True,True
/content/data/processed/base/images/train/038ca3bc0953fb245881c645daabc02b.jpg,/content/data/processed/synthetic_inpaint/images/train/038ca3bc0953fb245881c645daabc02b_selective_c35_0002_s3500044.jpg,35,Tu160,"cloudy sky background, realistic atmosphere, aviation photography",3500044,True,,0.0,0.1,20,3,3,True,True,True,True
/content/data/processed/base/images/train/03bb3036b360cdcfe3f833a9aa86f15d.jpg,/content/data/processed/synthetic_inpaint/images/train/03bb3036b360cdcfe3f833a9aa86f15d_selective_c35_0003_s3500045.jpg,35,Tu160,"clear blue sky, sunlight, realistic aircraft photography",3500045,True,,0.0,0.1,20,1,1,True,True,True,True
/content/data/processed/base/images/train/06053efe4aa48fae19ce0571ed93a602.jpg,/content/data/processed/synthetic_inpaint/images/train/06053efe4aa48fae19ce0571ed93a602_selective_c35_0004_s3500046.jpg,35,Tu160,"desert airfield background, haze, realistic lighting",3500046,True,,0.0,0.1,20,1,1,True,True,True,True
/content/data/processed/base/images/train/064fd522309906d150cf53e791797e42.jpg,/content/data/processed/synthetic_inpaint/images/train/064fd522309906d150cf53e791797e42_selective_c35_0005_s3500047.jpg,35,Tu160,"realistic sky background, natural lighting, aviation photography, high resolution, realistic clouds",3500047,True,,0.0,0.1,20,1,1,True,True,True,True
/content/data/processed/base/images/train/086d581be5490adc4ed0fdf9dfd78712.jpg,/content/data/processed/synthetic_inpaint/images/train/086d581be5490adc4ed0fdf9dfd78712_selective_c35_0006_s3500048.jpg,35,Tu160,"realistic runway background, military airbase, natural lighting, aviation photography",3500048,True,,0.0,0.1,20,1,1,True,True,True,True
/content/data/processed/base/images/train/08b11baa46e2d9185dd9ee4af5ce89fc.jpg,/content/data/processed/synthetic_inpaint/images/train/08b11baa46e2d9185dd9ee4af5ce89fc_selective_c35_0007_s3500049.jpg,35,Tu160,"cloudy sky background, realistic atmosphere, aviation photography",3500049,True,,0.0,0.1,20,1,1,True,True,True,True
/content/data/processed/base/images/train/0a2a11a8658d69b6cd1fd23c5f4513bd.jpg,/content/data/processed/synthetic_inpaint/images/train/0a2a11a8658d69b6cd1fd23c5f4513bd_selective_c35_0008_s3500050.jpg,35,Tu160,"clear blue sky, sunlight, realistic aircraft photography",3500050,True,,0.0,0.1,20,2,2,True,True,True,True
/content/data/processed/base/images/train/0aa2343e56637b1b9f83d7fae6f038dd.jpg,/content/data/processed/synthetic_inpaint/images/train/0aa2343e56637b1b9f83d7fae6f038dd_selective_c35_0009_s3500051.jpg,35,Tu160,"desert airfield background, haze, realistic lighting",3500051,True,,0.0,0.1,20,1,1,True,True,True,True
/content/data/processed/base/images/train/0c02addad95322392e327032a3b0d2b2.jpg,/content/data/processed/synthetic_inpaint/images/train/0c02addad95322392e327032a3b0d2b2_selective_c35_0010_s3500052.jpg,35,Tu160,"realistic sky background, natural lighting, aviation photography, high resolution, realistic clouds",3500052,True,,0.0,0.1,20,1,1,True,True,True,True
/content/data/processed/base/images/train/0e330e9bf5936492ac8838547156839b.jpg,/content/data/processed/synthetic_inpaint/images/train/0e330e9bf5936492ac8838547156839b_selective_c35_0011_s3500053.jpg,35,Tu160,"realistic runway background, military airbase, natural lighting, aviation photography",3500053,True,,0.0,0.1,20,1,1,True,True,True,True
/content/data/processed/base/images/train/0ef7fd3d2c6d14982a801219b406bd15.jpg,/content/data/processed/synthetic_inpaint/images/train/0ef7fd3d2c6d14982a801219b406bd15_selective_c35_0012_s3500054.jpg,35,Tu160,"cloudy sky background, realistic atmosphere, aviation photography",3500054,True,,0.0,0.1,20,1,1,True,True,True,True
/content/data/processed/base/images/train/108e3a200787493e7779457ad03c2697.jpg,/content/data/processed/synthetic_inpaint/images/train/108e3a200787493e7779457ad03c2697_selective_c35_0013_s3500055.jpg,35,Tu160,"clear blue sky, sunlight, realistic aircraft photography",3500055,True,,0.0,0.1,20,1,1,True,True,True,True
/content/data/processed/base/images/train/14e4315b327162f521ac56b6ebc8c324.jpg,/content/data/processed/synthetic_inpaint/images/train/14e4315b327162f521ac56b6ebc8c324_selective_c35_0014_s3500056.jpg,35,Tu160,"desert airfield background, haze, realistic lighting",3500056,True,,0.0,0.1,20,1,1,True,True,True,True
/content/data/processed/base/images/train/15314693c1fb12c16693a0569fa3681e.jpg,/content/data/processed/synthetic_inpaint/images/train/15314693c1fb12c16693a0569fa3681e_selective_c35_0015_s3500057.jpg,35,Tu160,"realistic sky background, natural lighting, aviation photography, high resolution, realistic clouds",3500057,True,,0.0,0.1,20,1,1,True,True,True,True
/content/data/processed/base/images/train/15ae56450b407b495d445c967288dc7e.jpg,/content/data/processed/synthetic_inpaint/images/train/15ae56450b407b495d445c967288dc7e_selective_c35_0016_s3500058.jpg,35,Tu160,"realistic runway background, military airbase, natural lighting, aviation photography",3500058,True,,0.0,0.1,20,1,1,True,True,True,True
/content/data/processed/base/images/train/1769fc97dd3028a9cf53ff79f4470659.jpg,/content/data/processed/synthetic_inpaint/images/train/1769fc97dd3028a9cf53ff79f4470659_selective_c35_0017_s3500059.jpg,35,Tu160,"cloudy sky background, realistic atmosphere, aviation photography",3500059,True,,0.0,0.1,20,2,2,True,True,True,True
/content/data/processed/base/images/train/18f1cc330298f3c4a9c845f8510c4550.jpg,/content/data/processed/synthetic_inpaint/images/train/18f1cc330298f3c4a9c845f8510c4550_selective_c35_0018_s3500060.jpg,35,Tu160,"clear blue sky, sunlight, realistic aircraft photography",3500060,True,,0.0,0.1,20,2,2,True,True,True,True
/content/data/processed/base/images/train/18f2a009b5dab468ebc29b75c3193d56.jpg,/content/data/processed/synthetic_inpaint/images/train/18f2a009b5dab468ebc29b75c3193d56_selective_c35_0019_s3500061.jpg,35,Tu160,"desert airfield background, haze, realistic lighting",3500061,True,,0.0,0.1,20,1,1,True,True,True,True
/content/data/processed/base/images/train/190de855aa558fabd34846c2a42b880b.jpg,/content/data/processed/synthetic_inpaint/images/train/190de855aa558fabd34846c2a42b880b_selective_c35_0020_s3500062.jpg,35,Tu160,"realistic sky background, natural lighting, aviation photography, high resolution, realistic clouds",3500062,True,,0.0,0.1,20,1,1,True,True,True,True
/content/data/processed/base/images/train/19b0d99a3f58395961d3f82367838065.jpg,/content/data/processed/synthetic_inpaint/images/train/19b0d99a3f58395961d3f82367838065_selective_c35_0021_s3500063.jpg,35,Tu160,"realistic runway background, military airbase, natural lighting, aviation photography",3500063,True,,0.0,0.1,20,3,3,True,True,True,True
/content/data/processed/base/images/train/1bfb4439fab0ed3cca98ded398314899.jpg,/content/data/processed/synthetic_inpaint/images/train/1bfb4439fab0ed3cca98ded398314899_selective_c35_0022_s3500064.jpg,35,Tu160,"cloudy sky background, realistic atmosphere, aviation photography",3500064,True,,0.0,0.1,20,1,1,True,True,True,True
/content/data/processed/base/images/train/1d52576b5bdc2e1de27ebc1d6ef44364.jpg,/content/data/processed/synthetic_inpaint/images/train/1d52576b5bdc2e1de27ebc1d6ef44364_selective_c35_0023_s3500065.jpg,35,Tu160,"clear blue sky, sunlight, realistic aircraft photography",3500065,True,,0.0,0.1,20,1,1,True,True,True,True
/content/data/processed/base/images/train/1d8e04f3155378542bf150e346ef48fd.jpg,/content/data/processed/synthetic_inpaint/images/train/1d8e04f3155378542bf150e346ef48fd_selective_c35_0024_s3500066.jpg,35,Tu160,"desert airfield background, haze, realistic lighting",3500066,True,,0.0,0.1,20,1,1,True,True,True,True
/content/data/processed/base/images/train/1e36d6e7bba598dc8695f59a98a69698.jpg,/content/data/processed/synthetic_inpaint/images/train/1e36d6e7bba598dc8695f59a98a69698_selective_c35_0025_s3500067.jpg,35,Tu160,"realistic sky background, natural lighting, aviation photography, high resolution, realistic clouds",3500067,True,,0.0,0.1,20,1,1,True,True,True,True
/content/data/processed/base/images/train/1e8b43deca87d25180aba67557735c01.jpg,/content/data/processed/synthetic_inpaint/images/train/1e8b43deca87d25180aba67557735c01_selective_c35_0026_s3500068.jpg,35,Tu160,"realistic runway background, military airbase, natural lighting, aviation photography",3500068,True,,0.0,0.1,20,1,1,True,True,True,True
/content/data/processed/base/images/train/1ec8be0eaccdb98f0e0309ae8e8e218a.jpg,/content/data/processed/synthetic_inpaint/images/train/1ec8be0eaccdb98f0e0309ae8e8e218a_selective_c35_0027_s3500069.jpg,35,Tu160,"cloudy sky background, realistic atmosphere, aviation photography",3500069,True,,0.0,0.1,20,1,1,True,True,True,True
/content/data/processed/base/images/train/1fa611a92e2eb8580dcb6835310132a1.jpg,/content/data/processed/synthetic_inpaint/images/train/1fa611a92e2eb8580dcb6835310132a1_selective_c35_0028_s3500070.jpg,35,Tu160,"clear blue sky, sunlight, realistic aircraft photography",3500070,True,,0.0,0.1,20,1,1,True,True,True,True
/content/data/processed/base/images/train/23c3e3d2bd06fa76018f8843528a0d6f.jpg,/content/data/processed/synthetic_inpaint/images/train/23c3e3d2bd06fa76018f8843528a0d6f_selective_c35_0029_s3500071.jpg,35,Tu160,"desert airfield background, haze, realistic lighting",3500071,True,,0.0,0.1,20,1,1,True,True,True,True
/content/data/processed/base/images/train/24eb57f0804e1542ab34abe3f4dedbf9.jpg,/content/data/processed/synthetic_inpaint/images/train/24eb57f0804e1542ab34abe3f4dedbf9_selective_c35_0030_s3500072.jpg,35,Tu160,"realistic sky background, natural lighting, aviation photography, high resolution, realistic clouds",3500072,True,,0.0,0.1,20,1,1,True,True,True,True
/content/data/processed/base/images/train/26265426dfeaa825b7f1f55207dfaca7.jpg,/content/data/processed/synthetic_inpaint/images/train/26265426dfeaa825b7f1f55207dfaca7_selective_c35_0031_s3500073.jpg,35,Tu160,"realistic runway background, military airbase, natural lighting, aviation photography",3500073,True,,0.0,0.1,20,3,3,True,True,True,True
/content/data/processed/base/images/train/279b0adfcb97af567b6c14a8a67485ec.jpg,/content/data/processed/synthetic_inpaint/images/train/279b0adfcb97af567b6c14a8a67485ec_selective_c35_0032_s3500074.jpg,35,Tu160,"cloudy sky background, realistic atmosphere, aviation photography",3500074,True,,0.0,0.1,20,1,1,True,True,True,True
/content/data/processed/base/images/train/281b559b9afddb9fad20004ad77322d8.jpg,/content/data/processed/synthetic_inpaint/images/train/281b559b9afddb9fad20004ad77322d8_selective_c35_0033_s3500075.jpg,35,Tu160,"clear blue sky, sunlight, realistic aircraft photography",3500075,True,,0.0,0.1,20,1,1,True,True,True,True
/content/data/processed/base/images/train/28499edd018c9e8aab1aeb43566edaa5.jpg,/content/data/processed/synthetic_inpaint/images/train/28499edd018c9e8aab1aeb43566edaa5_selective_c35_0034_s3500076.jpg,35,Tu160,"desert airfield background, haze, realistic lighting",3500076,True,,0.0,0.1,20,1,1,True,True,True,True
/content/data/processed/base/images/train/288e4780e96bde187aed76172950fcbf.jpg,/content/data/processed/synthetic_inpaint/images/train/288e4780e96bde187aed76172950fcbf_selective_c35_0035_s3500077.jpg,35,Tu160,"realistic sky background, natural lighting, aviation photography, high resolution, realistic clouds",3500077,True,,0.0,0.1,20,2,2,True,True,True,True
/content/data/processed/base/images/train/28b5bff3e86f8dae8d1333279b4fba31.jpg,/content/data/processed/synthetic_inpaint/images/train/28b5bff3e86f8dae8d1333279b4fba31_selective_c35_0036_s3500078.jpg,35,Tu160,"realistic runway background, military airbase, natural lighting, aviation photography",3500078,True,,0.0,0.1,20,1,1,True,True,True,True
/content/data/processed/base/images/train/28cb8a0c7ddbc6232cbee1924a9b7e95.jpg,/content/data/processed/synthetic_inpaint/images/train/28cb8a0c7ddbc6232cbee1924a9b7e95_selective_c35_0037_s3500079.jpg,35,Tu160,"cloudy sky background, realistic atmosphere, aviation photography",3500079,True,,0.0,0.1,20,2,2,True,True,True,True
/content/data/processed/base/images/train/2a9e75dd903c627f85d612e1511b7f6d.jpg,/content/data/processed/synthetic_inpaint/images/train/2a9e75dd903c627f85d612e1511b7f6d_selective_c35_0038_s3500080.jpg,35,Tu160,"clear blue sky, sunlight, realistic aircraft photography",3500080,True,,0.0,0.1,20,1,1,True,True,True,True
/content/data/processed/base/images/train/2ace13487c1883c68e6513856228fd54.jpg,/content/data/processed/synthetic_inpaint/images/train/2ace13487c1883c68e6513856228fd54_selective_c35_0039_s3500081.jpg,35,Tu160,"desert airfield background, haze, realistic lighting",3500081,True,,0.0,0.1,20,1,1,True,True,True,True
/content/data/processed/base/images/train/2cbe25b281bab1a4f3a7029c44bac3c5.jpg,/content/data/processed/synthetic_inpaint/images/train/2cbe25b281bab1a4f3a7029c44bac3c5_selective_c35_0040_s3500082.jpg,35,Tu160,"realistic sky background, natural lighting, aviation photography, high resolution, realistic clouds",3500082,True,,0.0,0.1,20,1,1,True,True,True,True
/content/data/processed/base/images/train/342e663cf17bc2f8f3e7a0cb83431297.jpg,/content/data/processed/synthetic_inpaint/images/train/342e663cf17bc2f8f3e7a0cb83431297_selective_c35_0041_s3500083.jpg,35,Tu160,"realistic runway background, military airbase, natural lighting, aviation photography",3500083,True,,0.0,0.1,20,1,1,True,True,True,True
/content/data/processed/base/images/train/34f6b089f1e2098d85662e21ae175085.jpg,/content/data/processed/synthetic_inpaint/images/train/34f6b089f1e2098d85662e21ae175085_selective_c35_0042_s3500084.jpg,35,Tu160,"cloudy sky background, realistic atmosphere, aviation photography",3500084,True,,0.0,0.1,20,2,2,True,True,True,True
/content/data/processed/base/images/train/35277c43d132eb3aa64b33c67536e205.jpg,/content/data/processed/synthetic_inpaint/images/train/35277c43d132eb3aa64b33c67536e205_selective_c35_0043_s3500085.jpg,35,Tu160,"clear blue sky, sunlight, realistic aircraft photography",3500085,True,,0.0,0.1,20,1,1,True,True,True,True
/content/data/processed/base/images/train/3864fe810507fe459e19cd43b781f0a0.jpg,/content/data/processed/synthetic_inpaint/images/train/3864fe810507fe459e19cd43b781f0a0_selective_c35_0044_s3500086.jpg,35,Tu160,"desert airfield background, haze, realistic lighting",3500086,True,,0.0,0.1,20,1,1,True,True,True,True
/content/data/processed/base/images/train/38781ae6bcfd5ad9fac863cc43331314.jpg,/content/data/processed/synthetic_inpaint/images/train/38781ae6bcfd5ad9fac863cc43331314_selective_c35_0045_s3500087.jpg,35,Tu160,"realistic sky background, natural lighting, aviation photography, high resolution, realistic clouds",3500087,True,,0.0,0.1,20,1,1,True,True,True,True
/content/data/processed/base/images/train/3b10a1c39bb2c5a313dfe629c975cb60.jpg,/content/data/processed/synthetic_inpaint/images/train/3b10a1c39bb2c5a313dfe629c975cb60_selective_c35_0046_s3500088.jpg,35,Tu160,"realistic runway background, military airbase, natural lighting, aviation photography",3500088,True,,0.0,0.1,20,1,1,True,True,True,True
/content/data/processed/base/images/train/3f310c88846094a48905a1f9003f27a5.jpg,/content/data/processed/synthetic_inpaint/images/train/3f310c88846094a48905a1f9003f27a5_selective_c35_0047_s3500089.jpg,35,Tu160,"cloudy sky background, realistic atmosphere, aviation photography",3500089,True,,0.0,0.1,20,1,1,True,True,True,True
/content/data/processed/base/images/train/3f9aa4ec2af86749f42c88add6c5afe5.jpg,/content/data/processed/synthetic_inpaint/images/train/3f9aa4ec2af86749f42c88add6c5afe5_selective_c35_0048_s3500090.jpg,35,Tu160,"clear blue sky, sunlight, realistic aircraft photography",3500090,True,,0.0,0.1,20,2,2,True,True,True,True
/content/data/processed/base/images/train/426d3040ac20897f7e299803a3bf4764.jpg,/content/data/processed/synthetic_inpaint/images/train/426d3040ac20897f7e299803a3bf4764_selective_c35_0049_s3500091.jpg,35,Tu160,"desert airfield background, haze, realistic lighting",3500091,True,,0.0,0.1,20,1,1,True,True,True,True
/content/data/processed/base/images/train/431de9181a407f1618cf151a5bd6e447.jpg,/content/data/processed/synthetic_inpaint/images/train/431de9181a407f1618cf151a5bd6e447_selective_c35_0050_s3500092.jpg,35,Tu160,"realistic sky background, natural lighting, aviation photography, high resolution, realistic clouds",3500092,True,,0.0,0.1,20,2,2,True,True,True,True
/content/data/processed/base/images/train/46de36ff5f0fe5da63514ca2e85662b1.jpg,/content/data/processed/synthetic_inpaint/images/train/46de36ff5f0fe5da63514ca2e85662b1_selective_c35_0051_s3500093.jpg,35,Tu160,"realistic runway background, military airbase, natural lighting, aviation photography",3500093,True,,0.0,0.1,20,1,1,True,True,True,True
/content/data/processed/base/images/train/49570161c7ee0690e6e6c98cf992e925.jpg,/content/data/processed/synthetic_inpaint/images/train/49570161c7ee0690e6e6c98cf992e925_selective_c35_0052_s3500094.jpg,35,Tu160,"cloudy sky background, realistic atmosphere, aviation photography",3500094,True,,0.0,0.1,20,2,2,True,True,True,True
/content/data/processed/base/images/train/4c20044dc15f8c8c26457f12dbd521f3.jpg,/content/data/processed/synthetic_inpaint/images/train/4c20044dc15f8c8c26457f12dbd521f3_selective_c35_0053_s3500095.jpg,35,Tu160,"clear blue sky, sunlight, realistic aircraft photography",3500095,True,,0.0,0.1,20,1,1,True,True,True,True
/content/data/processed/base/images/train/4d76397deb21a59c8c4e5e7803892bbb.jpg,/content/data/processed/synthetic_inpaint/images/train/4d76397deb21a59c8c4e5e7803892bbb_selective_c35_0054_s3500096.jpg,35,Tu160,"desert airfield background, haze, realistic lighting",3500096,True,,0.0,0.1,20,1,1,True,True,True,True
/content/data/processed/base/images/train/4e27fb87744fbd9074d0fb5cc22e053e.jpg,/content/data/processed/synthetic_inpaint/images/train/4e27fb87744fbd9074d0fb5cc22e053e_selective_c35_0055_s3500097.jpg,35,Tu160,"realistic sky background, natural lighting, aviation photography, high resolution, realistic clouds",3500097,True,,0.0,0.1,20,1,1,True,True,True,True
/content/data/processed/base/images/train/4f5a65428a98456e842518e20cc211de.jpg,/content/data/processed/synthetic_inpaint/images/train/4f5a65428a98456e842518e20cc211de_selective_c35_0056_s3500098.jpg,35,Tu160,"realistic runway background, military airbase, natural lighting, aviation photography",3500098,True,,0.0,0.1,20,1,1,True,True,True,True
/content/data/processed/base/images/train/4f6335afb880904ed5ebae7ed55fd81b.jpg,/content/data/processed/synthetic_inpaint/images/train/4f6335afb880904ed5ebae7ed55fd81b_selective_c35_0057_s3500099.jpg,35,Tu160,"cloudy sky background, realistic atmosphere, aviation photography",3500099,True,,0.0,0.1,20,2,2,True,True,True,True
/content/data/processed/base/images/train/50f7a0b92a276b000c0fe6905d1d3614.jpg,/content/data/processed/synthetic_inpaint/images/train/50f7a0b92a276b000c0fe6905d1d3614_selective_c35_0058_s3500100.jpg,35,Tu160,"clear blue sky, sunlight, realistic aircraft photography",3500100,True,,0.0,0.1,20,1,1,True,True,True,True
/content/data/processed/base/images/train/56de72ffd2ad5f5504f02bf3b02a0817.jpg,/content/data/processed/synthetic_inpaint/images/train/56de72ffd2ad5f5504f02bf3b02a0817_selective_c35_0059_s3500101.jpg,35,Tu160,"desert airfield background, haze, realistic lighting",3500101,True,,0.0,0.1,20,1,1,True,True,True,True
/content/data/processed/base/images/train/58a951513ee0bfcceb4431ef799e2f60.jpg,/content/data/processed/synthetic_inpaint/images/train/58a951513ee0bfcceb4431ef799e2f60_selective_c35_0060_s3500102.jpg,35,Tu160,"realistic sky background, natural lighting, aviation photography, high resolution, realistic clouds",3500102,True,,0.0,0.1,20,1,1,True,True,True,True
/content/data/processed/base/images/train/58d4297997bb3afce351d291d23ac941.jpg,/content/data/processed/synthetic_inpaint/images/train/58d4297997bb3afce351d291d23ac941_selective_c35_0061_s3500103.jpg,35,Tu160,"realistic runway background, military airbase, natural lighting, aviation photography",3500103,True,,0.0,0.1,20,1,1,True,True,True,True
/content/data/processed/base/images/train/59d24f654c942442195a33b42f6e7558.jpg,/content/data/processed/synthetic_inpaint/images/train/59d24f654c942442195a33b42f6e7558_selective_c35_0062_s3500104.jpg,35,Tu160,"cloudy sky background, realistic atmosphere, aviation photography",3500104,True,,0.0,0.1,20,1,1,True,True,True,True
/content/data/processed/base/images/train/59dd99405155a7ae7e0c448d3876300a.jpg,/content/data/processed/synthetic_inpaint/images/train/59dd99405155a7ae7e0c448d3876300a_selective_c35_0063_s3500105.jpg,35,Tu160,"clear blue sky, sunlight, realistic aircraft photography",3500105,True,,0.0,0.1,20,1,1,True,True,True,True
/content/data/processed/base/images/train/5ae1ff28994124eef4e2ff5ad8459f58.jpg,/content/data/processed/synthetic_inpaint/images/train/5ae1ff28994124eef4e2ff5ad8459f58_selective_c35_0064_s3500106.jpg,35,Tu160,"desert airfield background, haze, realistic lighting",3500106,True,,0.0,0.1,20,1,1,True,True,True,True
/content/data/processed/base/images/train/5b1803d0cd680579a4ad4a87651e9a8f.jpg,/content/data/processed/synthetic_inpaint/images/train/5b1803d0cd680579a4ad4a87651e9a8f_selective_c35_0065_s3500107.jpg,35,Tu160,"realistic sky background, natural lighting, aviation photography, high resolution, realistic clouds",3500107,True,,0.0,0.1,20,5,5,True,True,True,True
/content/data/processed/base/images/train/5dc8ad86b635564c6aa080aacd1c49f9.jpg,/content/data/processed/synthetic_inpaint/images/train/5dc8ad86b635564c6aa080aacd1c49f9_selective_c35_0066_s3500108.jpg,35,Tu160,"realistic runway background, military airbase, natural lighting, aviation photography",3500108,True,,0.0,0.1,20,2,2,True,True,True,True
/content/data/processed/base/images/train/6055703ef9c3bf0f80e76f9269401446.jpg,/content/data/processed/synthetic_inpaint/images/train/6055703ef9c3bf0f80e76f9269401446_selective_c35_0067_s3500109.jpg,35,Tu160,"cloudy sky background, realistic atmosphere, aviation photography",3500109,True,,0.0,0.1,20,1,1,True,True,True,True
/content/data/processed/base/images/train/60fa346ace3ae2abdfb61f4fde043aec.jpg,/content/data/processed/synthetic_inpaint/images/train/60fa346ace3ae2abdfb61f4fde043aec_selective_c35_0068_s3500110.jpg,35,Tu160,"clear blue sky, sunlight, realistic aircraft photography",3500110,True,,0.0,0.1,20,1,1,True,True,True,True
/content/data/processed/base/images/train/619fd156d27c10b8fe3fd96a01aa6abe.jpg,/content/data/processed/synthetic_inpaint/images/train/619fd156d27c10b8fe3fd96a01aa6abe_selective_c35_0069_s3500111.jpg,35,Tu160,"desert airfield background, haze, realistic lighting",3500111,True,,0.0,0.1,20,1,1,True,True,True,True
/content/data/processed/base/images/train/627e532b2615f6291eb8e53211e1c14b.jpg,/content/data/processed/synthetic_inpaint/images/train/627e532b2615f6291eb8e53211e1c14b_selective_c35_0070_s3500112.jpg,35,Tu160,"realistic sky background, natural lighting, aviation photography, high resolution, realistic clouds",3500112,True,,0.0,0.1,20,1,1,True,True,True,True
/content/data/processed/base/images/train/629679a702c09a656a260ab84c35247e.jpg,/content/data/processed/synthetic_inpaint/images/train/629679a702c09a656a260ab84c35247e_selective_c35_0071_s3500113.jpg,35,Tu160,"realistic runway background, military airbase, natural lighting, aviation photography",3500113,True,,0.0,0.1,20,1,1,True,True,True,True
/content/data/processed/base/images/train/641f1ac773ea48ab31c29e4f273f05ce.jpg,/content/data/processed/synthetic_inpaint/images/train/641f1ac773ea48ab31c29e4f273f05ce_selective_c35_0072_s3500114.jpg,35,Tu160,"cloudy sky background, realistic atmosphere, aviation photography",3500114,True,,0.0,0.1,20,1,1,True,True,True,True
/content/data/processed/base/images/train/66e3c37d90deacffb35bb011e2f629af.jpg,/content/data/processed/synthetic_inpaint/images/train/66e3c37d90deacffb35bb011e2f629af_selective_c35_0073_s3500115.jpg,35,Tu160,"clear blue sky, sunlight, realistic aircraft photography",3500115,True,,0.0,0.1,20,1,1,True,True,True,True
/content/data/processed/base/images/train/6a600b1a32df7b6eec810296feef4983.jpg,/content/data/processed/synthetic_inpaint/images/train/6a600b1a32df7b6eec810296feef4983_selective_c35_0074_s3500116.jpg,35,Tu160,"desert airfield background, haze, realistic lighting",3500116,True,,0.0,0.1,20,3,3,True,True,True,True
/content/data/processed/base/images/train/6c0d801ac63adde6573537f81991db14.jpg,/content/data/processed/synthetic_inpaint/images/train/6c0d801ac63adde6573537f81991db14_selective_c35_0075_s3500117.jpg,35,Tu160,"realistic sky background, natural lighting, aviation photography, high resolution, realistic clouds",3500117,True,,0.0,0.1,20,1,1,True,True,True,True
/content/data/processed/base/images/train/6c619d7818b1eeefda7a3e79c5795347.jpg,/content/data/processed/synthetic_inpaint/images/train/6c619d7818b1eeefda7a3e79c5795347_selective_c35_0076_s3500118.jpg,35,Tu160,"realistic runway background, military airbase, natural lighting, aviation photography",3500118,True,,0.0,0.1,20,1,1,True,True,True,True
/content/data/processed/base/images/train/6d84c78fe9c850d3cc90b66def955a73.jpg,/content/data/processed/synthetic_inpaint/images/train/6d84c78fe9c850d3cc90b66def955a73_selective_c35_0077_s3500119.jpg,35,Tu160,"cloudy sky background, realistic atmosphere, aviation photography",3500119,True,,0.0,0.1,20,3,3,True,True,True,True
/content/data/processed/base/images/train/6dfecc7882fc9ab34d02ab3ddc468d8e.jpg,/content/data/processed/synthetic_inpaint/images/train/6dfecc7882fc9ab34d02ab3ddc468d8e_selective_c35_0078_s3500120.jpg,35,Tu160,"clear blue sky, sunlight, realistic aircraft photography",3500120,True,,0.0,0.1,20,1,1,True,True,True,True
/content/data/processed/base/images/train/6e2850074dd41aefc2b5491959f6336f.jpg,/content/data/processed/synthetic_inpaint/images/train/6e2850074dd41aefc2b5491959f6336f_selective_c35_0079_s3500121.jpg,35,Tu160,"desert airfield background, haze, realistic lighting",3500121,True,,0.0,0.1,20,1,1,True,True,True,True
/content/data/processed/base/images/train/014313402292d8dbc688f9f1c50fa0ad.jpg,/content/data/processed/synthetic_inpaint/images/train/014313402292d8dbc688f9f1c50fa0ad_selective_c2_0000_s200042.jpg,2,AG600,"realistic sky background, natural lighting, aviation photography, high resolution, realistic clouds",200042,True,,0.0,0.1,20,1,1,True,True,True,True
/content/data/processed/base/images/train/02603f28fc8e14b08dfff751d0257860.jpg,/content/data/processed/synthetic_inpaint/images/train/02603f28fc8e14b08dfff751d0257860_selective_c2_0001_s200043.jpg,2,AG600,"realistic runway background, military airbase, natural lighting, aviation photography",200043,True,,0.0,0.1,20,1,1,True,True,True,True
/content/data/processed/base/images/train/02a6dc27eafaacabeca6bf7e32a4130e.jpg,/content/data/processed/synthetic_inpaint/images/train/02a6dc27eafaacabeca6bf7e32a4130e_selective_c2_0002_s200044.jpg,2,AG600,"cloudy sky background, realistic atmosphere, aviation photography",200044,True,,0.0,0.1,20,2,2,True,True,True,True
/content/data/processed/base/images/train/069ca92d094c40a06ae406970e23e115.jpg,/content/data/processed/synthetic_inpaint/images/train/069ca92d094c40a06ae406970e23e115_selective_c2_0003_s200045.jpg,2,AG600,"clear blue sky, sunlight, realistic aircraft photography",200045,True,,0.0,0.1,20,1,1,True,True,True,True
/content/data/processed/base/images/train/09bd1862babd7ad92de69e8d98112edc.jpg,/content/data/processed/synthetic_inpaint/images/train/09bd1862babd7ad92de69e8d98112edc_selective_c2_0004_s200046.jpg,2,AG600,"desert airfield background, haze, realistic lighting",200046,True,,0.0,0.1,20,1,1,True,True,True,True
/content/data/processed/base/images/train/0a13a49b1de78259ec8b646e9cb748d8.jpg,/content/data/processed/synthetic_inpaint/images/train/0a13a49b1de78259ec8b646e9cb748d8_selective_c2_0005_s200047.jpg,2,AG600,"realistic sky background, natural lighting, aviation photography, high resolution, realistic clouds",200047,True,,0.0,0.1,20,1,1,True,True,True,True
/content/data/processed/base/images/train/0a43582113c2f8f9a9f45fac4dc9c9e9.jpg,/content/data/processed/synthetic_inpaint/images/train/0a43582113c2f8f9a9f45fac4dc9c9e9_selective_c2_0006_s200048.jpg,2,AG600,"realistic runway background, military airbase, natural lighting, aviation photography",200048,True,,0.0,0.1,20,1,1,True,True,True,True
/content/data/processed/base/images/train/0b484ab1e555f80c1f46c8b2350351e3.jpg,/content/data/processed/synthetic_inpaint/images/train/0b484ab1e555f80c1f46c8b2350351e3_selective_c2_0007_s200049.jpg,2,AG600,"cloudy sky background, realistic atmosphere, aviation photography",200049,True,,0.0,0.1,20,1,1,True,True,True,True
/content/data/processed/base/images/train/0c84eefb0eded91310a0b2e4f4bac511.jpg,/content/data/processed/synthetic_inpaint/images/train/0c84eefb0eded91310a0b2e4f4bac511_selective_c2_0008_s200050.jpg,2,AG600,"clear blue sky, sunlight, realistic aircraft photography",200050,True,,0.0,0.1,20,1,1,True,True,True,True
/content/data/processed/base/images/train/0cb13849bf51b225d1a4340a037f80b5.jpg,/content/data/processed/synthetic_inpaint/images/train/0cb13849bf51b225d1a4340a037f80b5_selective_c2_0009_s200051.jpg,2,AG600,"desert airfield background, haze, realistic lighting",200051,True,,0.0,0.1,20,2,2,True,True,True,True
/content/data/processed/base/images/train/0ccfe4d7adfaf94f562333d3ead54d65.jpg,/content/data/processed/synthetic_inpaint/images/train/0ccfe4d7adfaf94f562333d3ead54d65_selective_c2_0010_s200052.jpg,2,AG600,"realistic sky background, natural lighting, aviation photography, high resolution, realistic clouds",200052,True,,0.0,0.1,20,1,1,True,True,True,True
/content/data/processed/base/images/train/0e39fea4972bc2b5eb93c9b21ff1d272.jpg,/content/data/processed/synthetic_inpaint/images/train/0e39fea4972bc2b5eb93c9b21ff1d272_selective_c2_0011_s200053.jpg,2,AG600,"realistic runway background, military airbase, natural lighting, aviation photography",200053,True,,0.0,0.1,20,1,1,True,True,True,True
/content/data/processed/base/images/train/0e3e2ff51f9f59a22776f66562bcb08d.jpg,/content/data/processed/synthetic_inpaint/images/train/0e3e2ff51f9f59a22776f66562bcb08d_selective_c2_0012_s200054.jpg,2,AG600,"cloudy sky background, realistic atmosphere, aviation photography",200054,True,,0.0,0.1,20,1,1,True,True,True,True
/content/data/processed/base/images/train/0e8a90a8865410bf0531e8ee82cf477e.jpg,/content/data/processed/synthetic_inpaint/images/train/0e8a90a8865410bf0531e8ee82cf477e_selective_c2_0013_s200055.jpg,2,AG600,"clear blue sky, sunlight, realistic aircraft photography",200055,True,,0.0,0.1,20,1,1,True,True,True,True
/content/data/processed/base/images/train/1304a2af0a831a96450699f51257a1f7.jpg,/content/data/processed/synthetic_inpaint/images/train/1304a2af0a831a96450699f51257a1f7_selective_c2_0014_s200056.jpg,2,AG600,"desert airfield background, haze, realistic lighting",200056,True,,0.0,0.1,20,1,1,True,True,True,True
/content/data/processed/base/images/train/1449ed1726c3f56fffe518244afcc828.jpg,/content/data/processed/synthetic_inpaint/images/train/1449ed1726c3f56fffe518244afcc828_selective_c2_0015_s200057.jpg,2,AG600,"realistic sky background, natural lighting, aviation photography, high resolution, realistic clouds",200057,True,,0.0,0.1,20,1,1,True,True,True,True
/content/data/processed/base/images/train/15cdca4a8c2e0438ed7f2aabefbf7ff6.jpg,/content/data/processed/synthetic_inpaint/images/train/15cdca4a8c2e0438ed7f2aabefbf7ff6_selective_c2_0016_s200058.jpg,2,AG600,"realistic runway background, military airbase, natural lighting, aviation photography",200058,True,,0.0,0.1,20,1,1,True,True,True,True
/content/data/processed/base/images/train/171f8d0c589550a8674104820239a79a.jpg,/content/data/processed/synthetic_inpaint/images/train/171f8d0c589550a8674104820239a79a_selective_c2_0017_s200059.jpg,2,AG600,"cloudy sky background, realistic atmosphere, aviation photography",200059,True,,0.0,0.1,20,1,1,True,True,True,True
/content/data/processed/base/images/train/19e1a2a35fcb5fe4af34b0f6e623e7ce.jpg,/content/data/processed/synthetic_inpaint/images/train/19e1a2a35fcb5fe4af34b0f6e623e7ce_selective_c2_0018_s200060.jpg,2,AG600,"clear blue sky, sunlight, realistic aircraft photography",200060,True,,0.0,0.1,20,1,1,True,True,True,True
/content/data/processed/base/images/train/1a7dff126f30e32e3ead89d0ab38d2bf.jpg,/content/data/processed/synthetic_inpaint/images/train/1a7dff126f30e32e3ead89d0ab38d2bf_selective_c2_0019_s200061.jpg,2,AG600,"desert airfield background, haze, realistic lighting",200061,True,,0.0,0.1,20,1,1,True,True,True,True
/content/data/processed/base/images/train/1aaeacb70ebd76b24ee7a924d4904d53.jpg,/content/data/processed/synthetic_inpaint/images/train/1aaeacb70ebd76b24ee7a924d4904d53_selective_c2_0020_s200062.jpg,2,AG600,"realistic sky background, natural lighting, aviation photography, high resolution, realistic clouds",200062,True,,0.0,0.1,20,1,1,True,True,True,True
/content/data/processed/base/images/train/1be2302e3c64d03f0eb51eee2cc81e29.jpg,/content/data/processed/synthetic_inpaint/images/train/1be2302e3c64d03f0eb51eee2cc81e29_selective_c2_0021_s200063.jpg,2,AG600,"realistic runway background, military airbase, natural lighting, aviation photography",200063,True,,0.0,0.1,20,1,1,True,True,True,True
/content/data/processed/base/images/train/1fcb30a19f21865b02765fe028816039.jpg,/content/data/processed/synthetic_inpaint/images/train/1fcb30a19f21865b02765fe028816039_selective_c2_0022_s200064.jpg,2,AG600,"cloudy sky background, realistic atmosphere, aviation photography",200064,True,,0.0,0.1,20,1,1,True,True,True,True
/content/data/processed/base/images/train/20eac838169d3e11b0de3bffb788f311.jpg,/content/data/processed/synthetic_inpaint/images/train/20eac838169d3e11b0de3bffb788f311_selective_c2_0023_s200065.jpg,2,AG600,"clear blue sky, sunlight, realistic aircraft photography",200065,True,,0.0,0.1,20,1,1,True,True,True,True
/content/data/processed/base/images/train/2151be7803242b291c6bfb1f4bf3422f.jpg,/content/data/processed/synthetic_inpaint/images/train/2151be7803242b291c6bfb1f4bf3422f_selective_c2_0024_s200066.jpg,2,AG600,"desert airfield background, haze, realistic lighting",200066,True,,0.0,0.1,20,1,1,True,True,True,True
/content/data/processed/base/images/train/2183dd0d06ae04b0b450edfa7a6b586a.jpg,/content/data/processed/synthetic_inpaint/images/train/2183dd0d06ae04b0b450edfa7a6b586a_selective_c2_0025_s200067.jpg,2,AG600,"realistic sky background, natural lighting, aviation photography, high resolution, realistic clouds",200067,True,,0.0,0.1,20,1,1,True,True,True,True
/content/data/processed/base/images/train/21ccf26b0f54db5793896c2ee79d024e.jpg,/content/data/processed/synthetic_inpaint/images/train/21ccf26b0f54db5793896c2ee79d024e_selective_c2_0026_s200068.jpg,2,AG600,"realistic runway background, military airbase, natural lighting, aviation photography",200068,True,,0.0,0.1,20,1,1,True,True,True,True
/content/data/processed/base/images/train/2405877c974ebcc279b0234e6181ae50.jpg,/content/data/processed/synthetic_inpaint/images/train/2405877c974ebcc279b0234e6181ae50_selective_c2_0027_s200069.jpg,2,AG600,"cloudy sky background, realistic atmosphere, aviation photography",200069,True,,0.0,0.1,20,1,1,True,True,True,True
/content/data/processed/base/images/train/265ccfa15ae9d50715bd9b89e6c1b91a.jpg,/content/data/processed/synthetic_inpaint/images/train/265ccfa15ae9d50715bd9b89e6c1b91a_selective_c2_0028_s200070.jpg,2,AG600,"clear blue sky, sunlight, realistic aircraft photography",200070,True,,0.0,0.1,20,1,1,True,True,True,True
/content/data/processed/base/images/train/279bab4e4ab0eb026ff301c5eeea984b.jpg,/content/data/processed/synthetic_inpaint/images/train/279bab4e4ab0eb026ff301c5eeea984b_selective_c2_0029_s200071.jpg,2,AG600,"desert airfield background, haze, realistic lighting",200071,True,,0.0,0.1,20,1,1,True,True,True,True
/content/data/processed/base/images/train/28ada915f581757128b87eaf58a46b4f.jpg,/content/data/processed/synthetic_inpaint/images/train/28ada915f581757128b87eaf58a46b4f_selective_c2_0030_s200072.jpg,2,AG600,"realistic sky background, natural lighting, aviation photography, high resolution, realistic clouds",200072,True,,0.0,0.1,20,1,1,True,True,True,True
/content/data/processed/base/images/train/2a208093834ba598fb79cd47dea921ed.jpg,/content/data/processed/synthetic_inpaint/images/train/2a208093834ba598fb79cd47dea921ed_selective_c2_0031_s200073.jpg,2,AG600,"realistic runway background, military airbase, natural lighting, aviation photography",200073,True,,0.0,0.1,20,1,1,True,True,True,True
/content/data/processed/base/images/train/2ae5b4155a21178fbc7cc3d836689ce5.jpg,/content/data/processed/synthetic_inpaint/images/train/2ae5b4155a21178fbc7cc3d836689ce5_selective_c2_0032_s200074.jpg,2,AG600,"cloudy sky background, realistic atmosphere, aviation photography",200074,True,,0.0,0.1,20,1,1,True,True,True,True
/content/data/processed/base/images/train/2b9a5c4e1335f680874dae238f243117.jpg,/content/data/processed/synthetic_inpaint/images/train/2b9a5c4e1335f680874dae238f243117_selective_c2_0033_s200075.jpg,2,AG600,"clear blue sky, sunlight, realistic aircraft photography",200075,True,,0.0,0.1,20,1,1,True,True,True,True
/content/data/processed/base/images/train/2ee39cf9ac517eb4b7143ddb3e8069d3.jpg,/content/data/processed/synthetic_inpaint/images/train/2ee39cf9ac517eb4b7143ddb3e8069d3_selective_c2_0034_s200076.jpg,2,AG600,"desert airfield background, haze, realistic lighting",200076,True,,0.0,0.1,20,1,1,True,True,True,True
/content/data/processed/base/images/train/322fb2510586ada60fdb59436102dfec.jpg,/content/data/processed/synthetic_inpaint/images/train/322fb2510586ada60fdb59436102dfec_selective_c2_0035_s200077.jpg,2,AG600,"realistic sky background, natural lighting, aviation photography, high resolution, realistic clouds",200077,True,,0.0,0.1,20,1,1,True,True,True,True
/content/data/processed/base/images/train/354f7960f9d09a0b71888933b4d85433.jpg,/content/data/processed/synthetic_inpaint/images/train/354f7960f9d09a0b71888933b4d85433_selective_c2_0036_s200078.jpg,2,AG600,"realistic runway background, military airbase, natural lighting, aviation photography",200078,True,,0.0,0.1,20,1,1,True,True,True,True
/content/data/processed/base/images/train/357923f7cb88c5772cae323772df3294.jpg,/content/data/processed/synthetic_inpaint/images/train/357923f7cb88c5772cae323772df3294_selective_c2_0037_s200079.jpg,2,AG600,"cloudy sky background, realistic atmosphere, aviation photography",200079,True,,0.0,0.1,20,1,1,True,True,True,True
/content/data/processed/base/images/train/35d5200460481cae8fa4b1ffc00062a8.jpg,/content/data/processed/synthetic_inpaint/images/train/35d5200460481cae8fa4b1ffc00062a8_selective_c2_0038_s200080.jpg,2,AG600,"clear blue sky, sunlight, realistic aircraft photography",200080,True,,0.0,0.1,20,1,1,True,True,True,True
/content/data/processed/base/images/train/38bfdf54ecac26648ceea4f42b301b44.jpg,/content/data/processed/synthetic_inpaint/images/train/38bfdf54ecac26648ceea4f42b301b44_selective_c2_0039_s200081.jpg,2,AG600,"desert airfield background, haze, realistic lighting",200081,True,,0.0,0.1,20,1,1,True,True,True,True
/content/data/processed/base/images/train/39316b04c7d65fd26e95ff4c3fa1100f.jpg,/content/data/processed/synthetic_inpaint/images/train/39316b04c7d65fd26e95ff4c3fa1100f_selective_c2_0040_s200082.jpg,2,AG600,"realistic sky background, natural lighting, aviation photography, high resolution, realistic clouds",200082,True,,0.0,0.1,20,1,1,True,True,True,True
/content/data/processed/base/images/train/3a2f2019dbb9acab63411d6277bace54.jpg,/content/data/processed/synthetic_inpaint/images/train/3a2f2019dbb9acab63411d6277bace54_selective_c2_0041_s200083.jpg,2,AG600,"realistic runway background, military airbase, natural lighting, aviation photography",200083,True,,0.0,0.1,20,1,1,True,True,True,True
/content/data/processed/base/images/train/3a7f47929c4f1bba708df75d9ab131cd.jpg,/content/data/processed/synthetic_inpaint/images/train/3a7f47929c4f1bba708df75d9ab131cd_selective_c2_0042_s200084.jpg,2,AG600,"cloudy sky background, realistic atmosphere, aviation photography",200084,True,,0.0,0.1,20,1,1,True,True,True,True
/content/data/processed/base/images/train/3b169fc9d0e80de710afd1080e3f5fde.jpg,/content/data/processed/synthetic_inpaint/images/train/3b169fc9d0e80de710afd1080e3f5fde_selective_c2_0043_s200085.jpg,2,AG600,"clear blue sky, sunlight, realistic aircraft photography",200085,True,,0.0,0.1,20,1,1,True,True,True,True
/content/data/processed/base/images/train/3d11f8ac9dfa07477994f7416ea5aefe.jpg,/content/data/processed/synthetic_inpaint/images/train/3d11f8ac9dfa07477994f7416ea5aefe_selective_c2_0044_s200086.jpg,2,AG600,"desert airfield background, haze, realistic lighting",200086,True,,0.0,0.1,20,1,1,True,True,True,True
/content/data/processed/base/images/train/3d38670114e732a20292991fa2fd3025.jpg,/content/data/processed/synthetic_inpaint/images/train/3d38670114e732a20292991fa2fd3025_selective_c2_0045_s200087.jpg,2,AG600,"realistic sky background, natural lighting, aviation photography, high resolution, realistic clouds",200087,True,,0.0,0.1,20,1,1,True,True,True,True
/content/data/processed/base/images/train/414535bcc466ec98fbde968cd8b303d0.jpg,/content/data/processed/synthetic_inpaint/images/train/414535bcc466ec98fbde968cd8b303d0_selective_c2_0046_s200088.jpg,2,AG600,"realistic runway background, military airbase, natural lighting, aviation photography",200088,True,,0.0,0.1,20,1,1,True,True,True,True
/content/data/processed/base/images/train/4226bba4e4aacd98bc78985e04d4a919.jpg,/content/data/processed/synthetic_inpaint/images/train/4226bba4e4aacd98bc78985e04d4a919_selective_c2_0047_s200089.jpg,2,AG600,"cloudy sky background, realistic atmosphere, aviation photography",200089,True,,0.0,0.1,20,1,1,True,True,True,True
/content/data/processed/base/images/train/4463fecaa4df6fb032d40cbd403a8f1d.jpg,/content/data/processed/synthetic_inpaint/images/train/4463fecaa4df6fb032d40cbd403a8f1d_selective_c2_0048_s200090.jpg,2,AG600,"clear blue sky, sunlight, realistic aircraft photography",200090,True,,0.0,0.1,20,1,1,True,True,True,True
/content/data/processed/base/images/train/44c066541fdb2cda3e76c7139ccd4ed8.jpg,/content/data/processed/synthetic_inpaint/images/train/44c066541fdb2cda3e76c7139ccd4ed8_selective_c2_0049_s200091.jpg,2,AG600,"desert airfield background, haze, realistic lighting",200091,True,,0.0,0.1,20,1,1,True,True,True,True
/content/data/processed/base/images/train/481ebd38b9f43c112d9636e7067448ce.jpg,/content/data/processed/synthetic_inpaint/images/train/481ebd38b9f43c112d9636e7067448ce_selective_c2_0050_s200092.jpg,2,AG600,"realistic sky background, natural lighting, aviation photography, high resolution, realistic clouds",200092,True,,0.0,0.1,20,1,1,True,True,True,True
/content/data/processed/base/images/train/4a3fb8b1898bf7cb1b26127b0f7a330e.jpg,/content/data/processed/synthetic_inpaint/images/train/4a3fb8b1898bf7cb1b26127b0f7a330e_selective_c2_0051_s200093.jpg,2,AG600,"realistic runway background, military airbase, natural lighting, aviation photography",200093,True,,0.0,0.1,20,1,1,True,True,True,True
/content/data/processed/base/images/train/4b10511fd0b0b742f569c1d5d195731f.jpg,/content/data/processed/synthetic_inpaint/images/train/4b10511fd0b0b742f569c1d5d195731f_selective_c2_0052_s200094.jpg,2,AG600,"cloudy sky background, realistic atmosphere, aviation photography",200094,True,,0.0,0.1,20,1,1,True,True,True,True
/content/data/processed/base/images/train/4b9be3d88f32826b87a4cc26bcc83bb2.jpg,/content/data/processed/synthetic_inpaint/images/train/4b9be3d88f32826b87a4cc26bcc83bb2_selective_c2_0053_s200095.jpg,2,AG600,"clear blue sky, sunlight, realistic aircraft photography",200095,True,,0.0,0.1,20,1,1,True,True,True,True
/content/data/processed/base/images/train/4bf132484210494dc4075587810e28ec.jpg,/content/data/processed/synthetic_inpaint/images/train/4bf132484210494dc4075587810e28ec_selective_c2_0054_s200096.jpg,2,AG600,"desert airfield background, haze, realistic lighting",200096,True,,0.0,0.1,20,3,3,True,True,True,True
/content/data/processed/base/images/train/4c422f5020d4fb8eaa9e35be9b4f295a.jpg,/content/data/processed/synthetic_inpaint/images/train/4c422f5020d4fb8eaa9e35be9b4f295a_selective_c2_0055_s200097.jpg,2,AG600,"realistic sky background, natural lighting, aviation photography, high resolution, realistic clouds",200097,True,,0.0,0.1,20,1,1,True,True,True,True
/content/data/processed/base/images/train/4e9909c2d98befa16315dd814e990f22.jpg,/content/data/processed/synthetic_inpaint/images/train/4e9909c2d98befa16315dd814e990f22_selective_c2_0056_s200098.jpg,2,AG600,"realistic runway background, military airbase, natural lighting, aviation photography",200098,True,,0.0,0.1,20,1,1,True,True,True,True
/content/data/processed/base/images/train/53407a519525715fe10f141958cd543a.jpg,/content/data/processed/synthetic_inpaint/images/train/53407a519525715fe10f141958cd543a_selective_c2_0057_s200099.jpg,2,AG600,"cloudy sky background, realistic atmosphere, aviation photography",200099,True,,0.0,0.1,20,1,1,True,True,True,True
/content/data/processed/base/images/train/549764c39e9d32d6d4e3c45fc90eb1e1.jpg,/content/data/processed/synthetic_inpaint/images/train/549764c39e9d32d6d4e3c45fc90eb1e1_selective_c2_0058_s200100.jpg,2,AG600,"clear blue sky, sunlight, realistic aircraft photography",200100,True,,0.0,0.1,20,1,1,True,True,True,True
/content/data/processed/base/images/train/55440c36b712cffcd1ede2d343e1d2a7.jpg,/content/data/processed/synthetic_inpaint/images/train/55440c36b712cffcd1ede2d343e1d2a7_selective_c2_0059_s200101.jpg,2,AG600,"desert airfield background, haze, realistic lighting",200101,True,,0.0,0.1,20,1,1,True,True,True,True
/content/data/processed/base/images/train/58b77d97c8886ce89a0850bf918dad9f.jpg,/content/data/processed/synthetic_inpaint/images/train/58b77d97c8886ce89a0850bf918dad9f_selective_c2_0060_s200102.jpg,2,AG600,"realistic sky background, natural lighting, aviation photography, high resolution, realistic clouds",200102,True,,0.0,0.1,20,1,1,True,True,True,True
/content/data/processed/base/images/train/5aff4cd722ed573e00ce6abe32db319d.jpg,/content/data/processed/synthetic_inpaint/images/train/5aff4cd722ed573e00ce6abe32db319d_selective_c2_0061_s200103.jpg,2,AG600,"realistic runway background, military airbase, natural lighting, aviation photography",200103,True,,0.0,0.1,20,1,1,True,True,True,True
/content/data/processed/base/images/train/5b342c4d264350d6e02bf2dfbfcc7093.jpg,/content/data/processed/synthetic_inpaint/images/train/5b342c4d264350d6e02bf2dfbfcc7093_selective_c2_0062_s200104.jpg,2,AG600,"cloudy sky background, realistic atmosphere, aviation photography",200104,True,,0.0,0.1,20,1,1,True,True,True,True
/content/data/processed/base/images/train/5bf8efb1fe888896c7ae5d20f59648fa.jpg,/content/data/processed/synthetic_inpaint/images/train/5bf8efb1fe888896c7ae5d20f59648fa_selective_c2_0063_s200105.jpg,2,AG600,"clear blue sky, sunlight, realistic aircraft photography",200105,True,,0.0,0.1,20,3,3,True,True,True,True
/content/data/processed/base/images/train/5c99a27562157ca08eaa352b0274270b.jpg,/content/data/processed/synthetic_inpaint/images/train/5c99a27562157ca08eaa352b0274270b_selective_c2_0064_s200106.jpg,2,AG600,"desert airfield background, haze, realistic lighting",200106,True,,0.0,0.1,20,1,1,True,True,True,True
/content/data/processed/base/images/train/5ca817a434a1e358f0f52d4b736b8383.jpg,/content/data/processed/synthetic_inpaint/images/train/5ca817a434a1e358f0f52d4b736b8383_selective_c2_0065_s200107.jpg,2,AG600,"realistic sky background, natural lighting, aviation photography, high resolution, realistic clouds",200107,True,,0.0,0.1,20,1,1,True,True,True,True
/content/data/processed/base/images/train/5cd4dea6324b18002f214275c10828f4.jpg,/content/data/processed/synthetic_inpaint/images/train/5cd4dea6324b18002f214275c10828f4_selective_c2_0066_s200108.jpg,2,AG600,"realistic runway background, military airbase, natural lighting, aviation photography",200108,True,,0.0,0.1,20,1,1,True,True,True,True
/content/data/processed/base/images/train/5f447c0d37dce42b09ffe6067bb6ec46.jpg,/content/data/processed/synthetic_inpaint/images/train/5f447c0d37dce42b09ffe6067bb6ec46_selective_c2_0067_s200109.jpg,2,AG600,"cloudy sky background, realistic atmosphere, aviation photography",200109,True,,0.0,0.1,20,1,1,True,True,True,True
/content/data/processed/base/images/train/60398784ab6ba1f01322e7ed7807001c.jpg,/content/data/processed/synthetic_inpaint/images/train/60398784ab6ba1f01322e7ed7807001c_selective_c2_0068_s200110.jpg,2,AG600,"clear blue sky, sunlight, realistic aircraft photography",200110,True,,0.0,0.1,20,1,1,True,True,True,True
/content/data/processed/base/images/train/61c3c9ba061571f9e19441010dc0a295.jpg,/content/data/processed/synthetic_inpaint/images/train/61c3c9ba061571f9e19441010dc0a295_selective_c2_0069_s200111.jpg,2,AG600,"desert airfield background, haze, realistic lighting",200111,True,,0.0,0.1,20,1,1,True,True,True,True
/content/data/processed/base/images/train/64dbfffa3f046e8521d80c24bf520884.jpg,/content/data/processed/synthetic_inpaint/images/train/64dbfffa3f046e8521d80c24bf520884_selective_c2_0070_s200112.jpg,2,AG600,"realistic sky background, natural lighting, aviation photography, high resolution, realistic clouds",200112,True,,0.0,0.1,20,1,1,True,True,True,True
/content/data/processed/base/images/train/6587ddec336a451e558df91438f34d67.jpg,/content/data/processed/synthetic_inpaint/images/train/6587ddec336a451e558df91438f34d67_selective_c2_0071_s200113.jpg,2,AG600,"realistic runway background, military airbase, natural lighting, aviation photography",200113,True,,0.0,0.1,20,1,1,True,True,True,True
/content/data/processed/base/images/train/67ae18cbc0634e6efbab511caa3a79c6.jpg,/content/data/processed/synthetic_inpaint/images/train/67ae18cbc0634e6efbab511caa3a79c6_selective_c2_0072_s200114.jpg,2,AG600,"cloudy sky background, realistic atmosphere, aviation photography",200114,True,,0.0,0.1,20,1,1,True,True,True,True
/content/data/processed/base/images/train/6d37b380d64b2fe400e2620186ef56fb.jpg,/content/data/processed/synthetic_inpaint/images/train/6d37b380d64b2fe400e2620186ef56fb_selective_c2_0073_s200115.jpg,2,AG600,"clear blue sky, sunlight, realistic aircraft photography",200115,True,,0.0,0.1,20,1,1,True,True,True,True
/content/data/processed/base/images/train/6ef21847524f729c109646fb2ce31de7.jpg,/content/data/processed/synthetic_inpaint/images/train/6ef21847524f729c109646fb2ce31de7_selective_c2_0074_s200116.jpg,2,AG600,"desert airfield background, haze, realistic lighting",200116,True,,0.0,0.1,20,1,1,True,True,True,True
/content/data/processed/base/images/train/708f70da4771251161630801b61fe480.jpg,/content/data/processed/synthetic_inpaint/images/train/708f70da4771251161630801b61fe480_selective_c2_0075_s200117.jpg,2,AG600,"realistic sky background, natural lighting, aviation photography, high resolution, realistic clouds",200117,True,,0.0,0.1,20,1,1,True,True,True,True
/content/data/processed/base/images/train/738f04e3bd9ff2960540f7ef5d4db7a8.jpg,/content/data/processed/synthetic_inpaint/images/train/738f04e3bd9ff2960540f7ef5d4db7a8_selective_c2_0076_s200118.jpg,2,AG600,"realistic runway background, military airbase, natural lighting, aviation photography",200118,True,,0.0,0.1,20,1,1,True,True,True,True
/content/data/processed/base/images/train/74609d7fe5709c38a1a4561aed1940cf.jpg,/content/data/processed/synthetic_inpaint/images/train/74609d7fe5709c38a1a4561aed1940cf_selective_c2_0077_s200119.jpg,2,AG600,"cloudy sky background, realistic atmosphere, aviation photography",200119,True,,0.0,0.1,20,1,1,True,True,True,True
/content/data/processed/base/images/train/75a09a07ca9399801ebcf9babe47c52d.jpg,/content/data/processed/synthetic_inpaint/images/train/75a09a07ca9399801ebcf9babe47c52d_selective_c2_0078_s200120.jpg,2,AG600,"clear blue sky, sunlight, realistic aircraft photography",200120,True,,0.0,0.1,20,1,1,True,True,True,True
/content/data/processed/base/images/train/769a99deee21d1c31fc3b9d572b225b5.jpg,/content/data/processed/synthetic_inpaint/images/train/769a99deee21d1c31fc3b9d572b225b5_selective_c2_0079_s200121.jpg,2,AG600,"desert airfield background, haze, realistic lighting",200121,True,,0.0,0.1,20,1,1,True,True,True,True
/content/data/processed/base/images/train/005a2bac1b0045cd972c75110c0f378b.jpg,/content/data/processed/synthetic_inpaint/images/train/005a2bac1b0045cd972c75110c0f378b_selective_c41_0000_s4100042.jpg,41,XB70,"realistic sky background, natural lighting, aviation photography, high resolution, realistic clouds",4100042,True,,0.0,0.1,20,1,1,True,True,True,True
/content/data/processed/base/images/train/00ee2f5b81e8ff2f65cfa959cf30ef02.jpg,/content/data/processed/synthetic_inpaint/images/train/00ee2f5b81e8ff2f65cfa959cf30ef02_selective_c41_0001_s4100043.jpg,41,XB70,"realistic runway background, military airbase, natural lighting, aviation photography",4100043,True,,0.0,0.1,20,1,1,True,True,True,True
/content/data/processed/base/images/train/01df70fc8d7d21e10be2655935421043.jpg,/content/data/processed/synthetic_inpaint/images/train/01df70fc8d7d21e10be2655935421043_selective_c41_0002_s4100044.jpg,41,XB70,"cloudy sky background, realistic atmosphere, aviation photography",4100044,True,,0.0,0.1,20,1,1,True,True,True,True
/content/data/processed/base/images/train/032ace711c5475c6b769b570c51211ab.jpg,/content/data/processed/synthetic_inpaint/images/train/032ace711c5475c6b769b570c51211ab_selective_c41_0003_s4100045.jpg,41,XB70,"clear blue sky, sunlight, realistic aircraft photography",4100045,True,,0.0,0.1,20,2,2,True,True,True,True
/content/data/processed/base/images/train/052d37e0cb99f1c7b583392052b653e9.jpg,/content/data/processed/synthetic_inpaint/images/train/052d37e0cb99f1c7b583392052b653e9_selective_c41_0004_s4100046.jpg,41,XB70,"desert airfield background, haze, realistic lighting",4100046,True,,0.0,0.1,20,1,1,True,True,True,True
/content/data/processed/base/images/train/065d8e630bd3ec7cb910dfe10eee846b.jpg,/content/data/processed/synthetic_inpaint/images/train/065d8e630bd3ec7cb910dfe10eee846b_selective_c41_0005_s4100047.jpg,41,XB70,"realistic sky background, natural lighting, aviation photography, high resolution, realistic clouds",4100047,True,,0.0,0.1,20,1,1,True,True,True,True
/content/data/processed/base/images/train/0764ac5d1449dbcc203dc58149fff5b2.jpg,/content/data/processed/synthetic_inpaint/images/train/0764ac5d1449dbcc203dc58149fff5b2_selective_c41_0006_s4100048.jpg,41,XB70,"realistic runway background, military airbase, natural lighting, aviation photography",4100048,True,,0.0,0.1,20,1,1,True,True,True,True
/content/data/processed/base/images/train/0829d07a49401f8d459cc5e2f495d917.jpg,/content/data/processed/synthetic_inpaint/images/train/0829d07a49401f8d459cc5e2f495d917_selective_c41_0007_s4100049.jpg,41,XB70,"cloudy sky background, realistic atmosphere, aviation photography",4100049,True,,0.0,0.1,20,1,1,True,True,True,True
/content/data/processed/base/images/train/09c3b3043f9496290a9d1099b128cd48.jpg,/content/data/processed/synthetic_inpaint/images/train/09c3b3043f9496290a9d1099b128cd48_selective_c41_0008_s4100050.jpg,41,XB70,"clear blue sky, sunlight, realistic aircraft photography",4100050,True,,0.0,0.1,20,1,1,True,True,True,True
/content/data/processed/base/images/train/0ce4170070b8b1ec63e51740819ac3a6.jpg,/content/data/processed/synthetic_inpaint/images/train/0ce4170070b8b1ec63e51740819ac3a6_selective_c41_0009_s4100051.jpg,41,XB70,"desert airfield background, haze, realistic lighting",4100051,True,,0.0,0.1,20,1,1,True,True,True,True
/content/data/processed/base/images/train/0d6dd1e0dc08583b1726ae3c667fc917.jpg,/content/data/processed/synthetic_inpaint/images/train/0d6dd1e0dc08583b1726ae3c667fc917_selective_c41_0010_s4100052.jpg,41,XB70,"realistic sky background, natural lighting, aviation photography, high resolution, realistic clouds",4100052,True,,0.0,0.1,20,1,1,True,True,True,True
/content/data/processed/base/images/train/0de078a3bb0cc1d0891c254c0c71afa7.jpg,/content/data/processed/synthetic_inpaint/images/train/0de078a3bb0cc1d0891c254c0c71afa7_selective_c41_0011_s4100053.jpg,41,XB70,"realistic runway background, military airbase, natural lighting, aviation photography",4100053,True,,0.0,0.1,20,1,1,True,True,True,True
/content/data/processed/base/images/train/0f7bfb29d62f8b6e7e453b724894381d.jpg,/content/data/processed/synthetic_inpaint/images/train/0f7bfb29d62f8b6e7e453b724894381d_selective_c41_0012_s4100054.jpg,41,XB70,"cloudy sky background, realistic atmosphere, aviation photography",4100054,True,,0.0,0.1,20,1,1,True,True,True,True
/content/data/processed/base/images/train/116beb4a1a07769c6af7bcf0b73b4c76.jpg,/content/data/processed/synthetic_inpaint/images/train/116beb4a1a07769c6af7bcf0b73b4c76_selective_c41_0013_s4100055.jpg,41,XB70,"clear blue sky, sunlight, realistic aircraft photography",4100055,True,,0.0,0.1,20,1,1,True,True,True,True
/content/data/processed/base/images/train/11788e41c2dfb5b5ae65856248c0769c.jpg,/content/data/processed/synthetic_inpaint/images/train/11788e41c2dfb5b5ae65856248c0769c_selective_c41_0014_s4100056.jpg,41,XB70,"desert airfield background, haze, realistic lighting",4100056,True,,0.0,0.1,20,1,1,True,True,True,True
/content/data/processed/base/images/train/11be6be9e33c2b3e33320aa94de68b40.jpg,/content/data/processed/synthetic_inpaint/images/train/11be6be9e33c2b3e33320aa94de68b40_selective_c41_0015_s4100057.jpg,41,XB70,"realistic sky background, natural lighting, aviation photography, high resolution, realistic clouds",4100057,True,,0.0,0.1,20,1,1,True,True,True,True
/content/data/processed/base/images/train/1282ef9b2ce40101d16782ad230a5d91.jpg,/content/data/processed/synthetic_inpaint/images/train/1282ef9b2ce40101d16782ad230a5d91_selective_c41_0016_s4100058.jpg,41,XB70,"realistic runway background, military airbase, natural lighting, aviation photography",4100058,True,,0.0,0.1,20,1,1,True,True,True,True
/content/data/processed/base/images/train/15d4b972421825b08bb1cca7dd86ea9f.jpg,/content/data/processed/synthetic_inpaint/images/train/15d4b972421825b08bb1cca7dd86ea9f_selective_c41_0017_s4100059.jpg,41,XB70,"cloudy sky background, realistic atmosphere, aviation photography",4100059,True,,0.0,0.1,20,1,1,True,True,True,True
/content/data/processed/base/images/train/16da7f6800c99db1e73820af3858b8b1.jpg,/content/data/processed/synthetic_inpaint/images/train/16da7f6800c99db1e73820af3858b8b1_selective_c41_0018_s4100060.jpg,41,XB70,"clear blue sky, sunlight, realistic aircraft photography",4100060,True,,0.0,0.1,20,1,1,True,True,True,True
/content/data/processed/base/images/train/175a23f51628581b68a18a127fb8ad9c.jpg,/content/data/processed/synthetic_inpaint/images/train/175a23f51628581b68a18a127fb8ad9c_selective_c41_0019_s4100061.jpg,41,XB70,"desert airfield background, haze, realistic lighting",4100061,True,,0.0,0.1,20,1,1,True,True,True,True
/content/data/processed/base/images/train/178d0434c067fc4f61e0fb87244a8df6.jpg,/content/data/processed/synthetic_inpaint/images/train/178d0434c067fc4f61e0fb87244a8df6_selective_c41_0020_s4100062.jpg,41,XB70,"realistic sky background, natural lighting, aviation photography, high resolution, realistic clouds",4100062,True,,0.0,0.1,20,1,1,True,True,True,True
/content/data/processed/base/images/train/183b05af437fc06914f6d075bc0ae9c4.jpg,/content/data/processed/synthetic_inpaint/images/train/183b05af437fc06914f6d075bc0ae9c4_selective_c41_0021_s4100063.jpg,41,XB70,"realistic runway background, military airbase, natural lighting, aviation photography",4100063,True,,0.0,0.1,20,1,1,True,True,True,True
/content/data/processed/base/images/train/1b520bead342c72a25fe64c0905d1f48.jpg,/content/data/processed/synthetic_inpaint/images/train/1b520bead342c72a25fe64c0905d1f48_selective_c41_0022_s4100064.jpg,41,XB70,"cloudy sky background, realistic atmosphere, aviation photography",4100064,True,,0.0,0.1,20,1,1,True,True,True,True
/content/data/processed/base/images/train/1c97a1a78d5e1f2b43b16e883320871a.jpg,/content/data/processed/synthetic_inpaint/images/train/1c97a1a78d5e1f2b43b16e883320871a_selective_c41_0023_s4100065.jpg,41,XB70,"clear blue sky, sunlight, realistic aircraft photography",4100065,True,,0.0,0.1,20,1,1,True,True,True,True
/content/data/processed/base/images/train/1df82dc4da8bb21497161e580498ce8b.jpg,/content/data/processed/synthetic_inpaint/images/train/1df82dc4da8bb21497161e580498ce8b_selective_c41_0024_s4100066.jpg,41,XB70,"desert airfield background, haze, realistic lighting",4100066,True,,0.0,0.1,20,1,1,True,True,True,True
/content/data/processed/base/images/train/2138034ce30eac295ef8880e3dc8e5f0.jpg,/content/data/processed/synthetic_inpaint/images/train/2138034ce30eac295ef8880e3dc8e5f0_selective_c41_0025_s4100067.jpg,41,XB70,"realistic sky background, natural lighting, aviation photography, high resolution, realistic clouds",4100067,True,,0.0,0.1,20,1,1,True,True,True,True
/content/data/processed/base/images/train/26f5989963b61b193cbefa384d7e757c.jpg,/content/data/processed/synthetic_inpaint/images/train/26f5989963b61b193cbefa384d7e757c_selective_c41_0026_s4100068.jpg,41,XB70,"realistic runway background, military airbase, natural lighting, aviation photography",4100068,True,,0.0,0.1,20,1,1,True,True,True,True
/content/data/processed/base/images/train/28539a24e7d97e6914b37e33c3ecc1a6.jpg,/content/data/processed/synthetic_inpaint/images/train/28539a24e7d97e6914b37e33c3ecc1a6_selective_c41_0027_s4100069.jpg,41,XB70,"cloudy sky background, realistic atmosphere, aviation photography",4100069,True,,0.0,0.1,20,2,2,True,True,True,True
/content/data/processed/base/images/train/2bed09d29d6eecf9bf1877530624261a.jpg,/content/data/processed/synthetic_inpaint/images/train/2bed09d29d6eecf9bf1877530624261a_selective_c41_0028_s4100070.jpg,41,XB70,"clear blue sky, sunlight, realistic aircraft photography",4100070,True,,0.0,0.1,20,2,2,True,True,True,True
/content/data/processed/base/images/train/2cfab3c6ac7611ad6bb1d6603afc262f.jpg,/content/data/processed/synthetic_inpaint/images/train/2cfab3c6ac7611ad6bb1d6603afc262f_selective_c41_0029_s4100071.jpg,41,XB70,"desert airfield background, haze, realistic lighting",4100071,True,,0.0,0.1,20,1,1,True,True,True,True
/content/data/processed/base/images/train/2eb322add63be97ea715ac524bf07662.jpg,/content/data/processed/synthetic_inpaint/images/train/2eb322add63be97ea715ac524bf07662_selective_c41_0030_s4100072.jpg,41,XB70,"realistic sky background, natural lighting, aviation photography, high resolution, realistic clouds",4100072,True,,0.0,0.1,20,1,1,True,True,True,True
/content/data/processed/base/images/train/3202dcd7d37a8423ecb597789497e3c4.jpg,/content/data/processed/synthetic_inpaint/images/train/3202dcd7d37a8423ecb597789497e3c4_selective_c41_0031_s4100073.jpg,41,XB70,"realistic runway background, military airbase, natural lighting, aviation photography",4100073,True,,0.0,0.1,20,1,1,True,True,True,True
/content/data/processed/base/images/train/33966c224f4a1fcc2f33b930ce2f4549.jpg,/content/data/processed/synthetic_inpaint/images/train/33966c224f4a1fcc2f33b930ce2f4549_selective_c41_0032_s4100074.jpg,41,XB70,"cloudy sky background, realistic atmosphere, aviation photography",4100074,True,,0.0,0.1,20,1,1,True,True,True,True
/content/data/processed/base/images/train/354d48a61b8d886436824d0f3e070705.jpg,/content/data/processed/synthetic_inpaint/images/train/354d48a61b8d886436824d0f3e070705_selective_c41_0033_s4100075.jpg,41,XB70,"clear blue sky, sunlight, realistic aircraft photography",4100075,True,,0.0,0.1,20,1,1,True,True,True,True
/content/data/processed/base/images/train/35b885eda8f1af4835ca1f1650560bee.jpg,/content/data/processed/synthetic_inpaint/images/train/35b885eda8f1af4835ca1f1650560bee_selective_c41_0034_s4100076.jpg,41,XB70,"desert airfield background, haze, realistic lighting",4100076,True,,0.0,0.1,20,1,1,True,True,True,True
/content/data/processed/base/images/train/35c69475a8de0f5458fac361a69a12ba.jpg,/content/data/processed/synthetic_inpaint/images/train/35c69475a8de0f5458fac361a69a12ba_selective_c41_0035_s4100077.jpg,41,XB70,"realistic sky background, natural lighting, aviation photography, high resolution, realistic clouds",4100077,True,,0.0,0.1,20,1,1,True,True,True,True
/content/data/processed/base/images/train/3adb1f8ecd6c992a2005c4eb7bc80d2c.jpg,/content/data/processed/synthetic_inpaint/images/train/3adb1f8ecd6c992a2005c4eb7bc80d2c_selective_c41_0036_s4100078.jpg,41,XB70,"realistic runway background, military airbase, natural lighting, aviation photography",4100078,True,,0.0,0.1,20,1,1,True,True,True,True
/content/data/processed/base/images/train/3b211b9e7217278d5c2b62dcd4039152.jpg,/content/data/processed/synthetic_inpaint/images/train/3b211b9e7217278d5c2b62dcd4039152_selective_c41_0037_s4100079.jpg,41,XB70,"cloudy sky background, realistic atmosphere, aviation photography",4100079,True,,0.0,0.1,20,1,1,True,True,True,True
/content/data/processed/base/images/train/3b3730dbdca99972363207d3ae921f37.jpg,/content/data/processed/synthetic_inpaint/images/train/3b3730dbdca99972363207d3ae921f37_selective_c41_0038_s4100080.jpg,41,XB70,"clear blue sky, sunlight, realistic aircraft photography",4100080,True,,0.0,0.1,20,1,1,True,True,True,True
/content/data/processed/base/images/train/3b4607e0a06f943d5347bc4eacad04de.jpg,/content/data/processed/synthetic_inpaint/images/train/3b4607e0a06f943d5347bc4eacad04de_selective_c41_0039_s4100081.jpg,41,XB70,"desert airfield background, haze, realistic lighting",4100081,True,,0.0,0.1,20,1,1,True,True,True,True
/content/data/processed/base/images/train/3ba82b65441065c20676ab0516bf78d2.jpg,/content/data/processed/synthetic_inpaint/images/train/3ba82b65441065c20676ab0516bf78d2_selective_c41_0040_s4100082.jpg,41,XB70,"realistic sky background, natural lighting, aviation photography, high resolution, realistic clouds",4100082,True,,0.0,0.1,20,2,2,True,True,True,True
/content/data/processed/base/images/train/3bb2fd94b28ac802caf22355c415d052.jpg,/content/data/processed/synthetic_inpaint/images/train/3bb2fd94b28ac802caf22355c415d052_selective_c41_0041_s4100083.jpg,41,XB70,"realistic runway background, military airbase, natural lighting, aviation photography",4100083,True,,0.0,0.1,20,2,2,True,True,True,True
/content/data/processed/base/images/train/3bec863cedbfde98a66ee834ccd21512.jpg,/content/data/processed/synthetic_inpaint/images/train/3bec863cedbfde98a66ee834ccd21512_selective_c41_0042_s4100084.jpg,41,XB70,"cloudy sky background, realistic atmosphere, aviation photography",4100084,True,,0.0,0.1,20,1,1,True,True,True,True
/content/data/processed/base/images/train/454aca71c107b4060399f93639584aeb.jpg,/content/data/processed/synthetic_inpaint/images/train/454aca71c107b4060399f93639584aeb_selective_c41_0043_s4100085.jpg,41,XB70,"clear blue sky, sunlight, realistic aircraft photography",4100085,True,,0.0,0.1,20,1,1,True,True,True,True
/content/data/processed/base/images/train/463b2b2f291e11fc1725ba7c41910b79.jpg,/content/data/processed/synthetic_inpaint/images/train/463b2b2f291e11fc1725ba7c41910b79_selective_c41_0044_s4100086.jpg,41,XB70,"desert airfield background, haze, realistic lighting",4100086,True,,0.0,0.1,20,1,1,True,True,True,True
/content/data/processed/base/images/train/472c9f2e32dacade18079e9c71e47fa1.jpg,/content/data/processed/synthetic_inpaint/images/train/472c9f2e32dacade18079e9c71e47fa1_selective_c41_0045_s4100087.jpg,41,XB70,"realistic sky background, natural lighting, aviation photography, high resolution, realistic clouds",4100087,True,,0.0,0.1,20,1,1,True,True,True,True
/content/data/processed/base/images/train/4760e566698380a11056d2140f94bf8d.jpg,/content/data/processed/synthetic_inpaint/images/train/4760e566698380a11056d2140f94bf8d_selective_c41_0046_s4100088.jpg,41,XB70,"realistic runway background, military airbase, natural lighting, aviation photography",4100088,True,,0.0,0.1,20,2,2,True,True,True,True
/content/data/processed/base/images/train/4dd427c5d9e905bbc6a63e41f5a031dd.jpg,/content/data/processed/synthetic_inpaint/images/train/4dd427c5d9e905bbc6a63e41f5a031dd_selective_c41_0047_s4100089.jpg,41,XB70,"cloudy sky background, realistic atmosphere, aviation photography",4100089,True,,0.0,0.1,20,1,1,True,True,True,True
/content/data/processed/base/images/train/56bf977ae59812bab5126bc53e6d32c6.jpg,/content/data/processed/synthetic_inpaint/images/train/56bf977ae59812bab5126bc53e6d32c6_selective_c41_0048_s4100090.jpg,41,XB70,"clear blue sky, sunlight, realistic aircraft photography",4100090,True,,0.0,0.1,20,1,1,True,True,True,True
/content/data/processed/base/images/train/58b94f8bbb8ca991a100696a1e702950.jpg,/content/data/processed/synthetic_inpaint/images/train/58b94f8bbb8ca991a100696a1e702950_selective_c41_0049_s4100091.jpg,41,XB70,"desert airfield background, haze, realistic lighting",4100091,True,,0.0,0.1,20,1,1,True,True,True,True
/content/data/processed/base/images/train/593ee0f99b8a9e20dd27e81d19dbb81e.jpg,/content/data/processed/synthetic_inpaint/images/train/593ee0f99b8a9e20dd27e81d19dbb81e_selective_c41_0050_s4100092.jpg,41,XB70,"realistic sky background, natural lighting, aviation photography, high resolution, realistic clouds",4100092,True,,0.0,0.1,20,1,1,True,True,True,True
/content/data/processed/base/images/train/5adf11021e34cdf083111de26acaa30f.jpg,/content/data/processed/synthetic_inpaint/images/train/5adf11021e34cdf083111de26acaa30f_selective_c41_0051_s4100093.jpg,41,XB70,"realistic runway background, military airbase, natural lighting, aviation photography",4100093,True,,0.0,0.1,20,1,1,True,True,True,True
/content/data/processed/base/images/train/5cbb9612ad907c03a26063ecf54fbe73.jpg,/content/data/processed/synthetic_inpaint/images/train/5cbb9612ad907c03a26063ecf54fbe73_selective_c41_0052_s4100094.jpg,41,XB70,"cloudy sky background, realistic atmosphere, aviation photography",4100094,True,,0.0,0.1,20,1,1,True,True,True,True
/content/data/processed/base/images/train/623714060536e00fecf92065b46653e7.jpg,/content/data/processed/synthetic_inpaint/images/train/623714060536e00fecf92065b46653e7_selective_c41_0053_s4100095.jpg,41,XB70,"clear blue sky, sunlight, realistic aircraft photography",4100095,True,,0.0,0.1,20,1,1,True,True,True,True
/content/data/processed/base/images/train/64777bc58c059c922eb2a7bc449860a3.jpg,/content/data/processed/synthetic_inpaint/images/train/64777bc58c059c922eb2a7bc449860a3_selective_c41_0054_s4100096.jpg,41,XB70,"desert airfield background, haze, realistic lighting",4100096,True,,0.0,0.1,20,1,1,True,True,True,True
/content/data/processed/base/images/train/649252d4c9603d4a8563c0be3ec6a840.jpg,/content/data/processed/synthetic_inpaint/images/train/649252d4c9603d4a8563c0be3ec6a840_selective_c41_0055_s4100097.jpg,41,XB70,"realistic sky background, natural lighting, aviation photography, high resolution, realistic clouds",4100097,True,,0.0,0.1,20,1,1,True,True,True,True
/content/data/processed/base/images/train/64fd0e9b3b49672f4bbab30c0a939f8d.jpg,/content/data/processed/synthetic_inpaint/images/train/64fd0e9b3b49672f4bbab30c0a939f8d_selective_c41_0056_s4100098.jpg,41,XB70,"realistic runway background, military airbase, natural lighting, aviation photography",4100098,True,,0.0,0.1,20,1,1,True,True,True,True
/content/data/processed/base/images/train/658aa57a3a7fcddc3c7abba8235d3082.jpg,/content/data/processed/synthetic_inpaint/images/train/658aa57a3a7fcddc3c7abba8235d3082_selective_c41_0057_s4100099.jpg,41,XB70,"cloudy sky background, realistic atmosphere, aviation photography",4100099,True,,0.0,0.1,20,1,1,True,True,True,True
/content/data/processed/base/images/train/72731e4328a7dc48501cda90469f04e2.jpg,/content/data/processed/synthetic_inpaint/images/train/72731e4328a7dc48501cda90469f04e2_selective_c41_0058_s4100100.jpg,41,XB70,"clear blue sky, sunlight, realistic aircraft photography",4100100,True,,0.0,0.1,20,1,1,True,True,True,True
/content/data/processed/base/images/train/72c685a18f513a27f4d14536f8a6ea2d.jpg,/content/data/processed/synthetic_inpaint/images/train/72c685a18f513a27f4d14536f8a6ea2d_selective_c41_0059_s4100101.jpg,41,XB70,"desert airfield background, haze, realistic lighting",4100101,True,,0.0,0.1,20,1,1,True,True,True,True
/content/data/processed/base/images/train/734bd53d58ab79cfff3572d0da73359e.jpg,/content/data/processed/synthetic_inpaint/images/train/734bd53d58ab79cfff3572d0da73359e_selective_c41_0060_s4100102.jpg,41,XB70,"realistic sky background, natural lighting, aviation photography, high resolution, realistic clouds",4100102,True,,0.0,0.1,20,1,1,True,True,True,True
/content/data/processed/base/images/train/7604f8f5038b1a0e67babdf31f0b6054.jpg,/content/data/processed/synthetic_inpaint/images/train/7604f8f5038b1a0e67babdf31f0b6054_selective_c41_0061_s4100103.jpg,41,XB70,"realistic runway background, military airbase, natural lighting, aviation photography",4100103,True,,0.0,0.1,20,1,1,True,True,True,True
/content/data/processed/base/images/train/777cd9c895fce7def1d5adfc787cc9bc.jpg,/content/data/processed/synthetic_inpaint/images/train/777cd9c895fce7def1d5adfc787cc9bc_selective_c41_0062_s4100104.jpg,41,XB70,"cloudy sky background, realistic atmosphere, aviation photography",4100104,True,,0.0,0.1,20,4,4,True,True,True,True
/content/data/processed/base/images/train/77ffaa1a51796b44246a3ec56e155108.jpg,/content/data/processed/synthetic_inpaint/images/train/77ffaa1a51796b44246a3ec56e155108_selective_c41_0063_s4100105.jpg,41,XB70,"clear blue sky, sunlight, realistic aircraft photography",4100105,True,,0.0,0.1,20,2,2,True,True,True,True
/content/data/processed/base/images/train/799a74b1436ba94b1d9be8d849ba6d45.jpg,/content/data/processed/synthetic_inpaint/images/train/799a74b1436ba94b1d9be8d849ba6d45_selective_c41_0064_s4100106.jpg,41,XB70,"desert airfield background, haze, realistic lighting",4100106,True,,0.0,0.1,20,1,1,True,True,True,True
/content/data/processed/base/images/train/79d87859c819b77f81645cf6b756046f.jpg,/content/data/processed/synthetic_inpaint/images/train/79d87859c819b77f81645cf6b756046f_selective_c41_0065_s4100107.jpg,41,XB70,"realistic sky background, natural lighting, aviation photography, high resolution, realistic clouds",4100107,True,,0.0,0.1,20,2,2,True,True,True,True
/content/data/processed/base/images/train/7b37409547d4c19db1a8c3276e2cd95a.jpg,/content/data/processed/synthetic_inpaint/images/train/7b37409547d4c19db1a8c3276e2cd95a_selective_c41_0066_s4100108.jpg,41,XB70,"realistic runway background, military airbase, natural lighting, aviation photography",4100108,True,,0.0,0.1,20,1,1,True,True,True,True
/content/data/processed/base/images/train/7ca70ad613f7d7255743883d208641ea.jpg,/content/data/processed/synthetic_inpaint/images/train/7ca70ad613f7d7255743883d208641ea_selective_c41_0067_s4100109.jpg,41,XB70,"cloudy sky background, realistic atmosphere, aviation photography",4100109,True,,0.0,0.1,20,1,1,True,True,True,True
/content/data/processed/base/images/train/7dc9243811d53b109f98a6d9160fccdb.jpg,/content/data/processed/synthetic_inpaint/images/train/7dc9243811d53b109f98a6d9160fccdb_selective_c41_0068_s4100110.jpg,41,XB70,"clear blue sky, sunlight, realistic aircraft photography",4100110,True,,0.0,0.1,20,1,1,True,True,True,True
/content/data/processed/base/images/train/820f5813f32a27971da21d9bfa35cee9.jpg,/content/data/processed/synthetic_inpaint/images/train/820f5813f32a27971da21d9bfa35cee9_selective_c41_0069_s4100111.jpg,41,XB70,"desert airfield background, haze, realistic lighting",4100111,True,,0.0,0.1,20,1,1,True,True,True,True
/content/data/processed/base/images/train/8568eea9a40f160ded357bd514342048.jpg,/content/data/processed/synthetic_inpaint/images/train/8568eea9a40f160ded357bd514342048_selective_c41_0070_s4100112.jpg,41,XB70,"realistic sky background, natural lighting, aviation photography, high resolution, realistic clouds",4100112,True,,0.0,0.1,20,1,1,True,True,True,True
/content/data/processed/base/images/train/86595fcadc536002e9c0870c5551aa02.jpg,/content/data/processed/synthetic_inpaint/images/train/86595fcadc536002e9c0870c5551aa02_selective_c41_0071_s4100113.jpg,41,XB70,"realistic runway background, military airbase, natural lighting, aviation photography",4100113,True,,0.0,0.1,20,1,1,True,True,True,True
/content/data/processed/base/images/train/86a1656156624f487c4302bdf323f750.jpg,/content/data/processed/synthetic_inpaint/images/train/86a1656156624f487c4302bdf323f750_selective_c41_0072_s4100114.jpg,41,XB70,"cloudy sky background, realistic atmosphere, aviation photography",4100114,True,,0.0,0.1,20,1,1,True,True,True,True
/content/data/processed/base/images/train/86d9d7f78fbc70cdb38d317752fdf77e.jpg,/content/data/processed/synthetic_inpaint/images/train/86d9d7f78fbc70cdb38d317752fdf77e_selective_c41_0073_s4100115.jpg,41,XB70,"clear blue sky, sunlight, realistic aircraft photography",4100115,True,,0.0,0.1,20,1,1,True,True,True,True
/content/data/processed/base/images/train/874a2134aa3d6ac7d34e69addf8557cf.jpg,/content/data/processed/synthetic_inpaint/images/train/874a2134aa3d6ac7d34e69addf8557cf_selective_c41_0074_s4100116.jpg,41,XB70,"desert airfield background, haze, realistic lighting",4100116,True,,0.0,0.1,20,1,1,True,True,True,True
/content/data/processed/base/images/train/888a9032e6264a383cbe8472fb631ee6.jpg,/content/data/processed/synthetic_inpaint/images/train/888a9032e6264a383cbe8472fb631ee6_selective_c41_0075_s4100117.jpg,41,XB70,"realistic sky background, natural lighting, aviation photography, high resolution, realistic clouds",4100117,True,,0.0,0.1,20,1,1,True,True,True,True
/content/data/processed/base/images/train/8bdefad60f199d5341d1561b1d7c1041.jpg,/content/data/processed/synthetic_inpaint/images/train/8bdefad60f199d5341d1561b1d7c1041_selective_c41_0076_s4100118.jpg,41,XB70,"realistic runway background, military airbase, natural lighting, aviation photography",4100118,True,,0.0,0.1,20,1,1,True,True,True,True
/content/data/processed/base/images/train/8c1ee6388eeb68b14bb71434ed0e31af.jpg,/content/data/processed/synthetic_inpaint/images/train/8c1ee6388eeb68b14bb71434ed0e31af_selective_c41_0077_s4100119.jpg,41,XB70,"cloudy sky background, realistic atmosphere, aviation photography",4100119,True,,0.0,0.1,20,1,1,True,True,True,True
/content/data/processed/base/images/train/8e6ba707ae1e829cd6c403507dc8dba8.jpg,/content/data/processed/synthetic_inpaint/images/train/8e6ba707ae1e829cd6c403507dc8dba8_selective_c41_0078_s4100120.jpg,41,XB70,"clear blue sky, sunlight, realistic aircraft photography",4100120,True,,0.0,0.1,20,1,1,True,True,True,True
/content/data/processed/base/images/train/947492f46e47e7ffe8221077ae15e990.jpg,/content/data/processed/synthetic_inpaint/images/train/947492f46e47e7ffe8221077ae15e990_selective_c41_0079_s4100121.jpg,41,XB70,"desert airfield background, haze, realistic lighting",4100121,True,,0.0,0.1,20,1,1,True,True,True,True
/content/data/processed/base/images/train/0a925520d46afcc748af12455ef6df73.jpg,/content/data/processed/synthetic_inpaint/images/train/0a925520d46afcc748af12455ef6df73_selective_c28_0000_s2800042.jpg,28,P3,"realistic sky background, natural lighting, aviation photography, high resolution, realistic clouds",2800042,True,,0.0,0.1,20,1,1,True,True,True,True
/content/data/processed/base/images/train/0aabc8662d9235cfae6bd41ef661fd3d.jpg,/content/data/processed/synthetic_inpaint/images/train/0aabc8662d9235cfae6bd41ef661fd3d_selective_c28_0001_s2800043.jpg,28,P3,"realistic runway background, military airbase, natural lighting, aviation photography",2800043,True,,0.0,0.1,20,1,1,True,True,True,True
/content/data/processed/base/images/train/0ed12e2e5a381860a0ae76e1b1251baf.jpg,/content/data/processed/synthetic_inpaint/images/train/0ed12e2e5a381860a0ae76e1b1251baf_selective_c28_0002_s2800044.jpg,28,P3,"cloudy sky background, realistic atmosphere, aviation photography",2800044,True,,0.0,0.1,20,1,1,True,True,True,True
/content/data/processed/base/images/train/106641eb1cbca3d7c605f62439ad8cba.jpg,/content/data/processed/synthetic_inpaint/images/train/106641eb1cbca3d7c605f62439ad8cba_selective_c28_0003_s2800045.jpg,28,P3,"clear blue sky, sunlight, realistic aircraft photography",2800045,True,,0.0,0.1,20,1,1,True,True,True,True
/content/data/processed/base/images/train/106a9f3b5e00e5610717b3918d743119.jpg,/content/data/processed/synthetic_inpaint/images/train/106a9f3b5e00e5610717b3918d743119_selective_c28_0004_s2800046.jpg,28,P3,"desert airfield background, haze, realistic lighting",2800046,True,,0.0,0.1,20,1,1,True,True,True,True
/content/data/processed/base/images/train/1071ee893b9bec2ceb1b66212358db90.jpg,/content/data/processed/synthetic_inpaint/images/train/1071ee893b9bec2ceb1b66212358db90_selective_c28_0005_s2800047.jpg,28,P3,"realistic sky background, natural lighting, aviation photography, high resolution, realistic clouds",2800047,True,,0.0,0.1,20,1,1,True,True,True,True
/content/data/processed/base/images/train/122d7ee3c1a2931db985f9249a41d004.jpg,/content/data/processed/synthetic_inpaint/images/train/122d7ee3c1a2931db985f9249a41d004_selective_c28_0006_s2800048.jpg,28,P3,"realistic runway background, military airbase, natural lighting, aviation photography",2800048,True,,0.0,0.1,20,1,1,True,True,True,True
/content/data/processed/base/images/train/12db46005eade9aec8ded56e084122ab.jpg,/content/data/processed/synthetic_inpaint/images/train/12db46005eade9aec8ded56e084122ab_selective_c28_0007_s2800049.jpg,28,P3,"cloudy sky background, realistic atmosphere, aviation photography",2800049,True,,0.0,0.1,20,1,1,True,True,True,True
/content/data/processed/base/images/train/12fa3b18bffa03bd851d1537a4cb8c85.jpg,/content/data/processed/synthetic_inpaint/images/train/12fa3b18bffa03bd851d1537a4cb8c85_selective_c28_0008_s2800050.jpg,28,P3,"clear blue sky, sunlight, realistic aircraft photography",2800050,True,,0.0,0.1,20,4,4,True,True,True,True
/content/data/processed/base/images/train/157df7cb92ef37c49a0fd35319308846.jpg,/content/data/processed/synthetic_inpaint/images/train/157df7cb92ef37c49a0fd35319308846_selective_c28_0009_s2800051.jpg,28,P3,"desert airfield background, haze, realistic lighting",2800051,True,,0.0,0.1,20,1,1,True,True,True,True
/content/data/processed/base/images/train/176707378b3c4c36c7c0f17a15045043.jpg,/content/data/processed/synthetic_inpaint/images/train/176707378b3c4c36c7c0f17a15045043_selective_c28_0010_s2800052.jpg,28,P3,"realistic sky background, natural lighting, aviation photography, high resolution, realistic clouds",2800052,True,,0.0,0.1,20,1,1,True,True,True,True
/content/data/processed/base/images/train/19a922eaed621cd734a87666d51296c4.jpg,/content/data/processed/synthetic_inpaint/images/train/19a922eaed621cd734a87666d51296c4_selective_c28_0011_s2800053.jpg,28,P3,"realistic runway background, military airbase, natural lighting, aviation photography",2800053,True,,0.0,0.1,20,1,1,True,True,True,True
/content/data/processed/base/images/train/1b20755e2dab61ef4e4a85784e3e7b72.jpg,/content/data/processed/synthetic_inpaint/images/train/1b20755e2dab61ef4e4a85784e3e7b72_selective_c28_0012_s2800054.jpg,28,P3,"cloudy sky background, realistic atmosphere, aviation photography",2800054,True,,0.0,0.1,20,1,1,True,True,True,True
/content/data/processed/base/images/train/1c9caa2ec5e59d725ce174b366fdd838.jpg,/content/data/processed/synthetic_inpaint/images/train/1c9caa2ec5e59d725ce174b366fdd838_selective_c28_0013_s2800055.jpg,28,P3,"clear blue sky, sunlight, realistic aircraft photography",2800055,True,,0.0,0.1,20,2,2,True,True,True,True
/content/data/processed/base/images/train/1dbc226d068678f3ba6e5dcd4a36b9de.jpg,/content/data/processed/synthetic_inpaint/images/train/1dbc226d068678f3ba6e5dcd4a36b9de_selective_c28_0014_s2800056.jpg,28,P3,"desert airfield background, haze, realistic lighting",2800056,True,,0.0,0.1,20,1,1,True,True,True,True
/content/data/processed/base/images/train/1f9b2ea1be0c2426a23a39aa20115f63.jpg,/content/data/processed/synthetic_inpaint/images/train/1f9b2ea1be0c2426a23a39aa20115f63_selective_c28_0015_s2800057.jpg,28,P3,"realistic sky background, natural lighting, aviation photography, high resolution, realistic clouds",2800057,True,,0.0,0.1,20,1,1,True,True,True,True
/content/data/processed/base/images/train/20dba5a7731b7ba8cd2f5839c60aec01.jpg,/content/data/processed/synthetic_inpaint/images/train/20dba5a7731b7ba8cd2f5839c60aec01_selective_c28_0016_s2800058.jpg,28,P3,"realistic runway background, military airbase, natural lighting, aviation photography",2800058,True,,0.0,0.1,20,1,1,True,True,True,True
/content/data/processed/base/images/train/21abac7e0d86195ba8b6537e85339e41.jpg,/content/data/processed/synthetic_inpaint/images/train/21abac7e0d86195ba8b6537e85339e41_selective_c28_0017_s2800059.jpg,28,P3,"cloudy sky background, realistic atmosphere, aviation photography",2800059,True,,0.0,0.1,20,1,1,True,True,True,True
/content/data/processed/base/images/train/249c9cdc8f2720ff3147fac237c9e08e.jpg,/content/data/processed/synthetic_inpaint/images/train/249c9cdc8f2720ff3147fac237c9e08e_selective_c28_0018_s2800060.jpg,28,P3,"clear blue sky, sunlight, realistic aircraft photography",2800060,True,,0.0,0.1,20,1,1,True,True,True,True
/content/data/processed/base/images/train/289421e0c62404fb9f293e6ea786b4ff.jpg,/content/data/processed/synthetic_inpaint/images/train/289421e0c62404fb9f293e6ea786b4ff_selective_c28_0019_s2800061.jpg,28,P3,"desert airfield background, haze, realistic lighting",2800061,True,,0.0,0.1,20,1,1,True,True,True,True
/content/data/processed/base/images/train/2ba0b5407cf8d5e38fac3e2ff83e12c5.jpg,/content/data/processed/synthetic_inpaint/images/train/2ba0b5407cf8d5e38fac3e2ff83e12c5_selective_c28_0020_s2800062.jpg,28,P3,"realistic sky background, natural lighting, aviation photography, high resolution, realistic clouds",2800062,True,,0.0,0.1,20,1,1,True,True,True,True
/content/data/processed/base/images/train/30b869bd0aabdbb69df98d17e79daacc.jpg,/content/data/processed/synthetic_inpaint/images/train/30b869bd0aabdbb69df98d17e79daacc_selective_c28_0021_s2800063.jpg,28,P3,"realistic runway background, military airbase, natural lighting, aviation photography",2800063,True,,0.0,0.1,20,1,1,True,True,True,True
/content/data/processed/base/images/train/32078df9f525e211025d0cf8a50756f3.jpg,/content/data/processed/synthetic_inpaint/images/train/32078df9f525e211025d0cf8a50756f3_selective_c28_0022_s2800064.jpg,28,P3,"cloudy sky background, realistic atmosphere, aviation photography",2800064,True,,0.0,0.1,20,1,1,True,True,True,True
/content/data/processed/base/images/train/3229452ab8dec761fcf2d940c45b22af.jpg,/content/data/processed/synthetic_inpaint/images/train/3229452ab8dec761fcf2d940c45b22af_selective_c28_0023_s2800065.jpg,28,P3,"clear blue sky, sunlight, realistic aircraft photography",2800065,True,,0.0,0.1,20,1,1,True,True,True,True
/content/data/processed/base/images/train/35514d0cce2b8491d28b94675cf1fe52.jpg,/content/data/processed/synthetic_inpaint/images/train/35514d0cce2b8491d28b94675cf1fe52_selective_c28_0024_s2800066.jpg,28,P3,"desert airfield background, haze, realistic lighting",2800066,True,,0.0,0.1,20,1,1,True,True,True,True
/content/data/processed/base/images/train/382ad03a14a9be9451ac1e8d3435693c.jpg,/content/data/processed/synthetic_inpaint/images/train/382ad03a14a9be9451ac1e8d3435693c_selective_c28_0025_s2800067.jpg,28,P3,"realistic sky background, natural lighting, aviation photography, high resolution, realistic clouds",2800067,True,,0.0,0.1,20,1,1,True,True,True,True
/content/data/processed/base/images/train/3d924e0253034b8eda1ece516f3eeabe.jpg,/content/data/processed/synthetic_inpaint/images/train/3d924e0253034b8eda1ece516f3eeabe_selective_c28_0026_s2800068.jpg,28,P3,"realistic runway background, military airbase, natural lighting, aviation photography",2800068,True,,0.0,0.1,20,1,1,True,True,True,True
/content/data/processed/base/images/train/40adef3eb56e6aa31dc3cf3bd19010eb.jpg,/content/data/processed/synthetic_inpaint/images/train/40adef3eb56e6aa31dc3cf3bd19010eb_selective_c28_0027_s2800069.jpg,28,P3,"cloudy sky background, realistic atmosphere, aviation photography",2800069,True,,0.0,0.1,20,1,1,True,True,True,True
/content/data/processed/base/images/train/41d75aab6982f22d5c49ee1d78102edf.jpg,/content/data/processed/synthetic_inpaint/images/train/41d75aab6982f22d5c49ee1d78102edf_selective_c28_0028_s2800070.jpg,28,P3,"clear blue sky, sunlight, realistic aircraft photography",2800070,True,,0.0,0.1,20,2,2,True,True,True,True
/content/data/processed/base/images/train/44995d3e529652c030ed6bb442833f27.jpg,/content/data/processed/synthetic_inpaint/images/train/44995d3e529652c030ed6bb442833f27_selective_c28_0029_s2800071.jpg,28,P3,"desert airfield background, haze, realistic lighting",2800071,True,,0.0,0.1,20,2,2,True,True,True,True
/content/data/processed/base/images/train/44e2cb87f216acbfca9a97357c448bbe.jpg,/content/data/processed/synthetic_inpaint/images/train/44e2cb87f216acbfca9a97357c448bbe_selective_c28_0030_s2800072.jpg,28,P3,"realistic sky background, natural lighting, aviation photography, high resolution, realistic clouds",2800072,True,,0.0,0.1,20,1,1,True,True,True,True
/content/data/processed/base/images/train/47117f415e0ec3c14f79e4e601bca422.jpg,/content/data/processed/synthetic_inpaint/images/train/47117f415e0ec3c14f79e4e601bca422_selective_c28_0031_s2800073.jpg,28,P3,"realistic runway background, military airbase, natural lighting, aviation photography",2800073,True,,0.0,0.1,20,6,6,True,True,True,True
/content/data/processed/base/images/train/4946c629937cdc214316e8500e75dac2.jpg,/content/data/processed/synthetic_inpaint/images/train/4946c629937cdc214316e8500e75dac2_selective_c28_0032_s2800074.jpg,28,P3,"cloudy sky background, realistic atmosphere, aviation photography",2800074,True,,0.0,0.1,20,1,1,True,True,True,True
/content/data/processed/base/images/train/4a6b0a99c9e8c0b93ec1b6d646573b60.jpg,/content/data/processed/synthetic_inpaint/images/train/4a6b0a99c9e8c0b93ec1b6d646573b60_selective_c28_0033_s2800075.jpg,28,P3,"clear blue sky, sunlight, realistic aircraft photography",2800075,True,,0.0,0.1,20,1,1,True,True,True,True
/content/data/processed/base/images/train/4b69a5583772e352b07a694d711b8976.jpg,/content/data/processed/synthetic_inpaint/images/train/4b69a5583772e352b07a694d711b8976_selective_c28_0034_s2800076.jpg,28,P3,"desert airfield background, haze, realistic lighting",2800076,True,,0.0,0.1,20,1,1,True,True,True,True
/content/data/processed/base/images/train/4fd398c7fac27a4ffbfbf20c165e584c.jpg,/content/data/processed/synthetic_inpaint/images/train/4fd398c7fac27a4ffbfbf20c165e584c_selective_c28_0035_s2800077.jpg,28,P3,"realistic sky background, natural lighting, aviation photography, high resolution, realistic clouds",2800077,True,,0.0,0.1,20,1,1,True,True,True,True
/content/data/processed/base/images/train/56dbdc9cce197ac42f9c60dadd6d8260.jpg,/content/data/processed/synthetic_inpaint/images/train/56dbdc9cce197ac42f9c60dadd6d8260_selective_c28_0036_s2800078.jpg,28,P3,"realistic runway background, military airbase, natural lighting, aviation photography",2800078,True,,0.0,0.1,20,1,1,True,True,True,True
/content/data/processed/base/images/train/58e0c80a6c733261dd0a921169970c55.jpg,/content/data/processed/synthetic_inpaint/images/train/58e0c80a6c733261dd0a921169970c55_selective_c28_0037_s2800079.jpg,28,P3,"cloudy sky background, realistic atmosphere, aviation photography",2800079,True,,0.0,0.1,20,1,1,True,True,True,True
/content/data/processed/base/images/train/5914db6d85ec0dfeeec5994028cd3723.jpg,/content/data/processed/synthetic_inpaint/images/train/5914db6d85ec0dfeeec5994028cd3723_selective_c28_0038_s2800080.jpg,28,P3,"clear blue sky, sunlight, realistic aircraft photography",2800080,True,,0.0,0.1,20,1,1,True,True,True,True
/content/data/processed/base/images/train/59196d7ebbc1118deb5ca6442af638ff.jpg,/content/data/processed/synthetic_inpaint/images/train/59196d7ebbc1118deb5ca6442af638ff_selective_c28_0039_s2800081.jpg,28,P3,"desert airfield background, haze, realistic lighting",2800081,True,,0.0,0.1,20,1,1,True,True,True,True
/content/data/processed/base/images/train/59f035be5d37c7afbaeb908f9a43dcf5.jpg,/content/data/processed/synthetic_inpaint/images/train/59f035be5d37c7afbaeb908f9a43dcf5_selective_c28_0040_s2800082.jpg,28,P3,"realistic sky background, natural lighting, aviation photography, high resolution, realistic clouds",2800082,True,,0.0,0.1,20,3,3,True,True,True,True
/content/data/processed/base/images/train/5c87f63ab534725930b42972c9894437.jpg,/content/data/processed/synthetic_inpaint/images/train/5c87f63ab534725930b42972c9894437_selective_c28_0041_s2800083.jpg,28,P3,"realistic runway background, military airbase, natural lighting, aviation photography",2800083,True,,0.0,0.1,20,1,1,True,True,True,True
/content/data/processed/base/images/train/5cd7ba24c7d9dd491aa9d5d9e37707eb.jpg,/content/data/processed/synthetic_inpaint/images/train/5cd7ba24c7d9dd491aa9d5d9e37707eb_selective_c28_0042_s2800084.jpg,28,P3,"cloudy sky background, realistic atmosphere, aviation photography",2800084,True,,0.0,0.1,20,1,1,True,True,True,True
/content/data/processed/base/images/train/5d639b09d2526b6eb2bbf07f344f293d.jpg,/content/data/processed/synthetic_inpaint/images/train/5d639b09d2526b6eb2bbf07f344f293d_selective_c28_0043_s2800085.jpg,28,P3,"clear blue sky, sunlight, realistic aircraft photography",2800085,True,,0.0,0.1,20,2,2,True,True,True,True
/content/data/processed/base/images/train/6073dfaa6e50eeb2ad6a870631058b90.jpg,/content/data/processed/synthetic_inpaint/images/train/6073dfaa6e50eeb2ad6a870631058b90_selective_c28_0044_s2800086.jpg,28,P3,"desert airfield background, haze, realistic lighting",2800086,True,,0.0,0.1,20,1,1,True,True,True,True
/content/data/processed/base/images/train/613fe5b474daff6eebb8f9b4cff93dfe.jpg,/content/data/processed/synthetic_inpaint/images/train/613fe5b474daff6eebb8f9b4cff93dfe_selective_c28_0045_s2800087.jpg,28,P3,"realistic sky background, natural lighting, aviation photography, high resolution, realistic clouds",2800087,True,,0.0,0.1,20,1,1,True,True,True,True
/content/data/processed/base/images/train/691bcfabb0af0f393527272f16d23a01.jpg,/content/data/processed/synthetic_inpaint/images/train/691bcfabb0af0f393527272f16d23a01_selective_c28_0046_s2800088.jpg,28,P3,"realistic runway background, military airbase, natural lighting, aviation photography",2800088,True,,0.0,0.1,20,3,3,True,True,True,True
/content/data/processed/base/images/train/6b75ee8a902ace1c1598d6049028ca7f.jpg,/content/data/processed/synthetic_inpaint/images/train/6b75ee8a902ace1c1598d6049028ca7f_selective_c28_0047_s2800089.jpg,28,P3,"cloudy sky background, realistic atmosphere, aviation photography",2800089,True,,0.0,0.1,20,3,3,True,True,True,True
/content/data/processed/base/images/train/6d6e66152f14a47a36215b6702d096e1.jpg,/content/data/processed/synthetic_inpaint/images/train/6d6e66152f14a47a36215b6702d096e1_selective_c28_0048_s2800090.jpg,28,P3,"clear blue sky, sunlight, realistic aircraft photography",2800090,True,,0.0,0.1,20,1,1,True,True,True,True
/content/data/processed/base/images/train/6ef844e1e8da46a4c6ef1e6aac1b3f4f.jpg,/content/data/processed/synthetic_inpaint/images/train/6ef844e1e8da46a4c6ef1e6aac1b3f4f_selective_c28_0049_s2800091.jpg,28,P3,"desert airfield background, haze, realistic lighting",2800091,True,,0.0,0.1,20,1,1,True,True,True,True
/content/data/processed/base/images/train/71072ad474c458f26f81cb11c696e8af.jpg,/content/data/processed/synthetic_inpaint/images/train/71072ad474c458f26f81cb11c696e8af_selective_c28_0050_s2800092.jpg,28,P3,"realistic sky background, natural lighting, aviation photography, high resolution, realistic clouds",2800092,True,,0.0,0.1,20,1,1,True,True,True,True
/content/data/processed/base/images/train/71ff2eb35326d7bba63f744defa956fc.jpg,/content/data/processed/synthetic_inpaint/images/train/71ff2eb35326d7bba63f744defa956fc_selective_c28_0051_s2800093.jpg,28,P3,"realistic runway background, military airbase, natural lighting, aviation photography",2800093,True,,0.0,0.1,20,1,1,True,True,True,True
/content/data/processed/base/images/train/72b802346583b197a9cf1a328a269356.jpg,/content/data/processed/synthetic_inpaint/images/train/72b802346583b197a9cf1a328a269356_selective_c28_0052_s2800094.jpg,28,P3,"cloudy sky background, realistic atmosphere, aviation photography",2800094,True,,0.0,0.1,20,1,1,True,True,True,True
/content/data/processed/base/images/train/737f6fcfe6d6b6a5a85d0e380f32f1ac.jpg,/content/data/processed/synthetic_inpaint/images/train/737f6fcfe6d6b6a5a85d0e380f32f1ac_selective_c28_0053_s2800095.jpg,28,P3,"clear blue sky, sunlight, realistic aircraft photography",2800095,True,,0.0,0.1,20,2,2,True,True,True,True
/content/data/processed/base/images/train/7559ee2386685f489b3bd7c8f95169c4.jpg,/content/data/processed/synthetic_inpaint/images/train/7559ee2386685f489b3bd7c8f95169c4_selective_c28_0054_s2800096.jpg,28,P3,"desert airfield background, haze, realistic lighting",2800096,True,,0.0,0.1,20,1,1,True,True,True,True
/content/data/processed/base/images/train/7dd682d6033443e84a1b43743d7b6ef2.jpg,/content/data/processed/synthetic_inpaint/images/train/7dd682d6033443e84a1b43743d7b6ef2_selective_c28_0055_s2800097.jpg,28,P3,"realistic sky background, natural lighting, aviation photography, high resolution, realistic clouds",2800097,True,,0.0,0.1,20,1,1,True,True,True,True
/content/data/processed/base/images/train/7de02921f3fadde6de7428deca708fb8.jpg,/content/data/processed/synthetic_inpaint/images/train/7de02921f3fadde6de7428deca708fb8_selective_c28_0056_s2800098.jpg,28,P3,"realistic runway background, military airbase, natural lighting, aviation photography",2800098,True,,0.0,0.1,20,1,1,True,True,True,True
/content/data/processed/base/images/train/7e2b9038bbaf981856be85b0cfb1bb73.jpg,/content/data/processed/synthetic_inpaint/images/train/7e2b9038bbaf981856be85b0cfb1bb73_selective_c28_0057_s2800099.jpg,28,P3,"cloudy sky background, realistic atmosphere, aviation photography",2800099,True,,0.0,0.1,20,1,1,True,True,True,True
/content/data/processed/base/images/train/80142e55581ca4e30e53731d3af6f4d8.jpg,/content/data/processed/synthetic_inpaint/images/train/80142e55581ca4e30e53731d3af6f4d8_selective_c28_0058_s2800100.jpg,28,P3,"clear blue sky, sunlight, realistic aircraft photography",2800100,True,,0.0,0.1,20,2,2,True,True,True,True
/content/data/processed/base/images/train/811a0a53c932393b3dafabe15f44ea5d.jpg,/content/data/processed/synthetic_inpaint/images/train/811a0a53c932393b3dafabe15f44ea5d_selective_c28_0059_s2800101.jpg,28,P3,"desert airfield background, haze, realistic lighting",2800101,True,,0.0,0.1,20,1,1,True,True,True,True
/content/data/processed/base/images/train/826129139a91747501cf91e8de07414f.jpg,/content/data/processed/synthetic_inpaint/images/train/826129139a91747501cf91e8de07414f_selective_c28_0060_s2800102.jpg,28,P3,"realistic sky background, natural lighting, aviation photography, high resolution, realistic clouds",2800102,True,,0.0,0.1,20,1,1,True,True,True,True
/content/data/processed/base/images/train/82e37182d4da5e4196ae5579f1f93e43.jpg,/content/data/processed/synthetic_inpaint/images/train/82e37182d4da5e4196ae5579f1f93e43_selective_c28_0061_s2800103.jpg,28,P3,"realistic runway background, military airbase, natural lighting, aviation photography",2800103,True,,0.0,0.1,20,1,1,True,True,True,True
/content/data/processed/base/images/train/83a6c32c62afbe37a14d5a489b0d49cf.jpg,/content/data/processed/synthetic_inpaint/images/train/83a6c32c62afbe37a14d5a489b0d49cf_selective_c28_0062_s2800104.jpg,28,P3,"cloudy sky background, realistic atmosphere, aviation photography",2800104,True,,0.0,0.1,20,1,1,True,True,True,True
/content/data/processed/base/images/train/860da968e877db1b227582161e9a9ffd.jpg,/content/data/processed/synthetic_inpaint/images/train/860da968e877db1b227582161e9a9ffd_selective_c28_0063_s2800105.jpg,28,P3,"clear blue sky, sunlight, realistic aircraft photography",2800105,True,,0.0,0.1,20,1,1,True,True,True,True
/content/data/processed/base/images/train/884a86a4728957bf2bd9e86b3ccefe09.jpg,/content/data/processed/synthetic_inpaint/images/train/884a86a4728957bf2bd9e86b3ccefe09_selective_c28_0064_s2800106.jpg,28,P3,"desert airfield background, haze, realistic lighting",2800106,True,,0.0,0.1,20,1,1,True,True,True,True
/content/data/processed/base/images/train/8abfc70cac3eefb7dca10c0c92fb56d4.jpg,/content/data/processed/synthetic_inpaint/images/train/8abfc70cac3eefb7dca10c0c92fb56d4_selective_c28_0065_s2800107.jpg,28,P3,"realistic sky background, natural lighting, aviation photography, high resolution, realistic clouds",2800107,True,,0.0,0.1,20,1,1,True,True,True,True
/content/data/processed/base/images/train/8ad82769e405961305d3bd4d472f4790.jpg,/content/data/processed/synthetic_inpaint/images/train/8ad82769e405961305d3bd4d472f4790_selective_c28_0066_s2800108.jpg,28,P3,"realistic runway background, military airbase, natural lighting, aviation photography",2800108,True,,0.0,0.1,20,1,1,True,True,True,True
/content/data/processed/base/images/train/9268875b7d1181f86db58f72602098d2.jpg,/content/data/processed/synthetic_inpaint/images/train/9268875b7d1181f86db58f72602098d2_selective_c28_0067_s2800109.jpg,28,P3,"cloudy sky background, realistic atmosphere, aviation photography",2800109,True,,0.0,0.1,20,1,1,True,True,True,True
/content/data/processed/base/images/train/9899a5d806a344905a8a53d7c2cea532.jpg,/content/data/processed/synthetic_inpaint/images/train/9899a5d806a344905a8a53d7c2cea532_selective_c28_0068_s2800110.jpg,28,P3,"clear blue sky, sunlight, realistic aircraft photography",2800110,True,,0.0,0.1,20,1,1,True,True,True,True
/content/data/processed/base/images/train/98d578a5e44f4bd7736f7d08c18fdbe3.jpg,/content/data/processed/synthetic_inpaint/images/train/98d578a5e44f4bd7736f7d08c18fdbe3_selective_c28_0069_s2800111.jpg,28,P3,"desert airfield background, haze, realistic lighting",2800111,True,,0.0,0.1,20,1,1,True,True,True,True
/content/data/processed/base/images/train/9c9049cc5dacfcb3bf130ccf13412b08.jpg,/content/data/processed/synthetic_inpaint/images/train/9c9049cc5dacfcb3bf130ccf13412b08_selective_c28_0070_s2800112.jpg,28,P3,"realistic sky background, natural lighting, aviation photography, high resolution, realistic clouds",2800112,True,,0.0,0.1,20,1,1,True,True,True,True
/content/data/processed/base/images/train/9f1fdac6d654ddeddd7a976b4108d00f.jpg,/content/data/processed/synthetic_inpaint/images/train/9f1fdac6d654ddeddd7a976b4108d00f_selective_c28_0071_s2800113.jpg,28,P3,"realistic runway background, military airbase, natural lighting, aviation photography",2800113,True,,0.0,0.1,20,1,1,True,True,True,True
/content/data/processed/base/images/train/9fac367784eb8584ef2b20d6e42e0236.jpg,/content/data/processed/synthetic_inpaint/images/train/9fac367784eb8584ef2b20d6e42e0236_selective_c28_0072_s2800114.jpg,28,P3,"cloudy sky background, realistic atmosphere, aviation photography",2800114,True,,0.0,0.1,20,1,1,True,True,True,True
/content/data/processed/base/images/train/a0749430709597818899365e2fe2cb34.jpg,/content/data/processed/synthetic_inpaint/images/train/a0749430709597818899365e2fe2cb34_selective_c28_0073_s2800115.jpg,28,P3,"clear blue sky, sunlight, realistic aircraft photography",2800115,True,,0.0,0.1,20,1,1,True,True,True,True
/content/data/processed/base/images/train/a1b8f34128157a04d4037e807c3a1732.jpg,/content/data/processed/synthetic_inpaint/images/train/a1b8f34128157a04d4037e807c3a1732_selective_c28_0074_s2800116.jpg,28,P3,"desert airfield background, haze, realistic lighting",2800116,True,,0.0,0.1,20,3,3,True,True,True,True
/content/data/processed/base/images/train/a23f38c3097faee24d89b344b7001ed6.jpg,/content/data/processed/synthetic_inpaint/images/train/a23f38c3097faee24d89b344b7001ed6_selective_c28_0075_s2800117.jpg,28,P3,"realistic sky background, natural lighting, aviation photography, high resolution, realistic clouds",2800117,True,,0.0,0.1,20,4,4,True,True,True,True
/content/data/processed/base/images/train/a4d70fb1c271d0441e1ee4988da57ba6.jpg,/content/data/processed/synthetic_inpaint/images/train/a4d70fb1c271d0441e1ee4988da57ba6_selective_c28_0076_s2800118.jpg,28,P3,"realistic runway background, military airbase, natural lighting, aviation photography",2800118,True,,0.0,0.1,20,1,1,True,True,True,True
/content/data/processed/base/images/train/aa9b510601b569279b3b06f07576b1c5.jpg,/content/data/processed/synthetic_inpaint/images/train/aa9b510601b569279b3b06f07576b1c5_selective_c28_0077_s2800119.jpg,28,P3,"cloudy sky background, realistic atmosphere, aviation photography",2800119,True,,0.0,0.1,20,1,1,True,True,True,True
/content/data/processed/base/images/train/ac61e1d79c092657a18b302e0bde2275.jpg,/content/data/processed/synthetic_inpaint/images/train/ac61e1d79c092657a18b302e0bde2275_selective_c28_0078_s2800120.jpg,28,P3,"clear blue sky, sunlight, realistic aircraft photography",2800120,True,,0.0,0.1,20,1,1,True,True,True,True
/content/data/processed/base/images/train/ae1e08baaa652a69012689492aec44c6.jpg,/content/data/processed/synthetic_inpaint/images/train/ae1e08baaa652a69012689492aec44c6_selective_c28_0079_s2800121.jpg,28,P3,"desert airfield background, haze, realistic lighting",2800121,True,,0.0,0.1,20,1,1,True,True,True,True
/content/data/processed/base/images/train/01c1bbe086ccd2a86ff839287bb7d7e6.jpg,/content/data/processed/synthetic_inpaint/images/train/01c1bbe086ccd2a86ff839287bb7d7e6_selective_c42_0000_s4200042.jpg,42,YF23,"realistic sky background, natural lighting, aviation photography, high resolution, realistic clouds",4200042,True,,0.0,0.1,20,2,2,True,True,True,True
/content/data/processed/base/images/train/086e839c04393e52f2ce5152e85b3da9.jpg,/content/data/processed/synthetic_inpaint/images/train/086e839c04393e52f2ce5152e85b3da9_selective_c42_0001_s4200043.jpg,42,YF23,"realistic runway background, military airbase, natural lighting, aviation photography",4200043,True,,0.0,0.1,20,1,1,True,True,True,True
/content/data/processed/base/images/train/0aec91f88f3603697c6d30be532cd5bd.jpg,/content/data/processed/synthetic_inpaint/images/train/0aec91f88f3603697c6d30be532cd5bd_selective_c42_0002_s4200044.jpg,42,YF23,"cloudy sky background, realistic atmosphere, aviation photography",4200044,True,,0.0,0.1,20,1,1,True,True,True,True
/content/data/processed/base/images/train/0b0efaf65dbe4844923d8726a6c7efbc.jpg,/content/data/processed/synthetic_inpaint/images/train/0b0efaf65dbe4844923d8726a6c7efbc_selective_c42_0003_s4200045.jpg,42,YF23,"clear blue sky, sunlight, realistic aircraft photography",4200045,True,,0.0,0.1,20,1,1,True,True,True,True
/content/data/processed/base/images/train/0f028889f87c56d5d59555eb76013018.jpg,/content/data/processed/synthetic_inpaint/images/train/0f028889f87c56d5d59555eb76013018_selective_c42_0004_s4200046.jpg,42,YF23,"desert airfield background, haze, realistic lighting",4200046,True,,0.0,0.1,20,1,1,True,True,True,True
/content/data/processed/base/images/train/128d172188e2b90cba6610ef6cda0261.jpg,/content/data/processed/synthetic_inpaint/images/train/128d172188e2b90cba6610ef6cda0261_selective_c42_0005_s4200047.jpg,42,YF23,"realistic sky background, natural lighting, aviation photography, high resolution, realistic clouds",4200047,True,,0.0,0.1,20,1,1,True,True,True,True
/content/data/processed/base/images/train/1627dab002e90f7307c15285131c8261.jpg,/content/data/processed/synthetic_inpaint/images/train/1627dab002e90f7307c15285131c8261_selective_c42_0006_s4200048.jpg,42,YF23,"realistic runway background, military airbase, natural lighting, aviation photography",4200048,True,,0.0,0.1,20,1,1,True,True,True,True
/content/data/processed/base/images/train/16ab91dd29798d33488395f033d3dcd7.jpg,/content/data/processed/synthetic_inpaint/images/train/16ab91dd29798d33488395f033d3dcd7_selective_c42_0007_s4200049.jpg,42,YF23,"cloudy sky background, realistic atmosphere, aviation photography",4200049,True,,0.0,0.1,20,1,1,True,True,True,True
/content/data/processed/base/images/train/19336adcb6e067302b58c565e27c87d5.jpg,/content/data/processed/synthetic_inpaint/images/train/19336adcb6e067302b58c565e27c87d5_selective_c42_0008_s4200050.jpg,42,YF23,"clear blue sky, sunlight, realistic aircraft photography",4200050,True,,0.0,0.1,20,1,1,True,True,True,True
/content/data/processed/base/images/train/1c75f15160ff77289b4e6e80f1307a91.jpg,/content/data/processed/synthetic_inpaint/images/train/1c75f15160ff77289b4e6e80f1307a91_selective_c42_0009_s4200051.jpg,42,YF23,"desert airfield background, haze, realistic lighting",4200051,True,,0.0,0.1,20,1,1,True,True,True,True
/content/data/processed/base/images/train/1d14979de59ff954b9ae0fd51ee18056.jpg,/content/data/processed/synthetic_inpaint/images/train/1d14979de59ff954b9ae0fd51ee18056_selective_c42_0010_s4200052.jpg,42,YF23,"realistic sky background, natural lighting, aviation photography, high resolution, realistic clouds",4200052,True,,0.0,0.1,20,1,1,True,True,True,True
/content/data/processed/base/images/train/1fe80a99f8ba5d626e93e3fdc4e67abf.jpg,/content/data/processed/synthetic_inpaint/images/train/1fe80a99f8ba5d626e93e3fdc4e67abf_selective_c42_0011_s4200053.jpg,42,YF23,"realistic runway background, military airbase, natural lighting, aviation photography",4200053,True,,0.0,0.1,20,1,1,True,True,True,True
/content/data/processed/base/images/train/2292c797a29fafa33a5ad1ed5ade683c.jpg,/content/data/processed/synthetic_inpaint/images/train/2292c797a29fafa33a5ad1ed5ade683c_selective_c42_0012_s4200054.jpg,42,YF23,"cloudy sky background, realistic atmosphere, aviation photography",4200054,True,,0.0,0.1,20,1,1,True,True,True,True
/content/data/processed/base/images/train/22dd667ff8df697a54f153c24ff0176d.jpg,/content/data/processed/synthetic_inpaint/images/train/22dd667ff8df697a54f153c24ff0176d_selective_c42_0013_s4200055.jpg,42,YF23,"clear blue sky, sunlight, realistic aircraft photography",4200055,True,,0.0,0.1,20,4,4,True,True,True,True
/content/data/processed/base/images/train/24d9494cfbd8a1216c766a51af17493e.jpg,/content/data/processed/synthetic_inpaint/images/train/24d9494cfbd8a1216c766a51af17493e_selective_c42_0014_s4200056.jpg,42,YF23,"desert airfield background, haze, realistic lighting",4200056,True,,0.0,0.1,20,3,3,True,True,True,True
/content/data/processed/base/images/train/2c0daf90c218df33c18d7b9563a087dc.jpg,/content/data/processed/synthetic_inpaint/images/train/2c0daf90c218df33c18d7b9563a087dc_selective_c42_0015_s4200057.jpg,42,YF23,"realistic sky background, natural lighting, aviation photography, high resolution, realistic clouds",4200057,True,,0.0,0.1,20,1,1,True,True,True,True
/content/data/processed/base/images/train/2f5c53b74e1584d56e732c0e466f1d8a.jpg,/content/data/processed/synthetic_inpaint/images/train/2f5c53b74e1584d56e732c0e466f1d8a_selective_c42_0016_s4200058.jpg,42,YF23,"realistic runway background, military airbase, natural lighting, aviation photography",4200058,True,,0.0,0.1,20,1,1,True,True,True,True
/content/data/processed/base/images/train/2facce0cb214667e67f9f742682df922.jpg,/content/data/processed/synthetic_inpaint/images/train/2facce0cb214667e67f9f742682df922_selective_c42_0017_s4200059.jpg,42,YF23,"cloudy sky background, realistic atmosphere, aviation photography",4200059,True,,0.0,0.1,20,2,2,True,True,True,True
/content/data/processed/base/images/train/2fb94c9f8bf6a489a7bee62b5c2ff60b.jpg,/content/data/processed/synthetic_inpaint/images/train/2fb94c9f8bf6a489a7bee62b5c2ff60b_selective_c42_0018_s4200060.jpg,42,YF23,"clear blue sky, sunlight, realistic aircraft photography",4200060,True,,0.0,0.1,20,3,3,True,True,True,True
/content/data/processed/base/images/train/37f5c1a7d2c58c9252b44e47e754004a.jpg,/content/data/processed/synthetic_inpaint/images/train/37f5c1a7d2c58c9252b44e47e754004a_selective_c42_0019_s4200061.jpg,42,YF23,"desert airfield background, haze, realistic lighting",4200061,True,,0.0,0.1,20,1,1,True,True,True,True
/content/data/processed/base/images/train/38dbc9ec932a7bdff4f796727135102e.jpg,/content/data/processed/synthetic_inpaint/images/train/38dbc9ec932a7bdff4f796727135102e_selective_c42_0020_s4200062.jpg,42,YF23,"realistic sky background, natural lighting, aviation photography, high resolution, realistic clouds",4200062,True,,0.0,0.1,20,1,1,True,True,True,True
/content/data/processed/base/images/train/39cbb1371069c0ff1fe2e05fcc81509f.jpg,/content/data/processed/synthetic_inpaint/images/train/39cbb1371069c0ff1fe2e05fcc81509f_selective_c42_0021_s4200063.jpg,42,YF23,"realistic runway background, military airbase, natural lighting, aviation photography",4200063,True,,0.0,0.1,20,2,2,True,True,True,True
/content/data/processed/base/images/train/3a4bd7964915d7011d8833f64817aa88.jpg,/content/data/processed/synthetic_inpaint/images/train/3a4bd7964915d7011d8833f64817aa88_selective_c42_0022_s4200064.jpg,42,YF23,"cloudy sky background, realistic atmosphere, aviation photography",4200064,True,,0.0,0.1,20,6,6,True,True,True,True
/content/data/processed/base/images/train/3bb2fd94b28ac802caf22355c415d052.jpg,/content/data/processed/synthetic_inpaint/images/train/3bb2fd94b28ac802caf22355c415d052_selective_c42_0023_s4200065.jpg,42,YF23,"clear blue sky, sunlight, realistic aircraft photography",4200065,True,,0.0,0.1,20,2,2,True,True,True,True
/content/data/processed/base/images/train/40775c93bc979451644f63df31cfc766.jpg,/content/data/processed/synthetic_inpaint/images/train/40775c93bc979451644f63df31cfc766_selective_c42_0024_s4200066.jpg,42,YF23,"desert airfield background, haze, realistic lighting",4200066,True,,0.0,0.1,20,1,1,True,True,True,True
/content/data/processed/base/images/train/45c9690dc723506900e92c4de2644aab.jpg,/content/data/processed/synthetic_inpaint/images/train/45c9690dc723506900e92c4de2644aab_selective_c42_0025_s4200067.jpg,42,YF23,"realistic sky background, natural lighting, aviation photography, high resolution, realistic clouds",4200067,True,,0.0,0.1,20,3,3,True,True,True,True
/content/data/processed/base/images/train/49ea2d04a8251a6129cc770c2841076f.jpg,/content/data/processed/synthetic_inpaint/images/train/49ea2d04a8251a6129cc770c2841076f_selective_c42_0026_s4200068.jpg,42,YF23,"realistic runway background, military airbase, natural lighting, aviation photography",4200068,True,,0.0,0.1,20,1,1,True,True,True,True
/content/data/processed/base/images/train/4bc7e84b755c4c85032092c94b2f90d2.jpg,/content/data/processed/synthetic_inpaint/images/train/4bc7e84b755c4c85032092c94b2f90d2_selective_c42_0027_s4200069.jpg,42,YF23,"cloudy sky background, realistic atmosphere, aviation photography",4200069,True,,0.0,0.1,20,1,1,True,True,True,True
/content/data/processed/base/images/train/4f5dc227978ae67cf9ede23b716e3c99.jpg,/content/data/processed/synthetic_inpaint/images/train/4f5dc227978ae67cf9ede23b716e3c99_selective_c42_0028_s4200070.jpg,42,YF23,"clear blue sky, sunlight, realistic aircraft photography",4200070,True,,0.0,0.1,20,1,1,True,True,True,True
/content/data/processed/base/images/train/4fb3c2e7b0f41654a38f0ea6bf6033f6.jpg,/content/data/processed/synthetic_inpaint/images/train/4fb3c2e7b0f41654a38f0ea6bf6033f6_selective_c42_0029_s4200071.jpg,42,YF23,"desert airfield background, haze, realistic lighting",4200071,True,,0.0,0.1,20,1,1,True,True,True,True
/content/data/processed/base/images/train/507e0adff875510d8e637b5059f4db49.jpg,/content/data/processed/synthetic_inpaint/images/train/507e0adff875510d8e637b5059f4db49_selective_c42_0030_s4200072.jpg,42,YF23,"realistic sky background, natural lighting, aviation photography, high resolution, realistic clouds",4200072,True,,0.0,0.1,20,3,3,True,True,True,True
/content/data/processed/base/images/train/5581b372f6362e766dfdab14fb3be481.jpg,/content/data/processed/synthetic_inpaint/images/train/5581b372f6362e766dfdab14fb3be481_selective_c42_0031_s4200073.jpg,42,YF23,"realistic runway background, military airbase, natural lighting, aviation photography",4200073,True,,0.0,0.1,20,1,1,True,True,True,True
/content/data/processed/base/images/train/5583fa540f39d99af72d11ef2dc53eed.jpg,/content/data/processed/synthetic_inpaint/images/train/5583fa540f39d99af72d11ef2dc53eed_selective_c42_0032_s4200074.jpg,42,YF23,"cloudy sky background, realistic atmosphere, aviation photography",4200074,True,,0.0,0.1,20,1,1,True,True,True,True
/content/data/processed/base/images/train/56fd2ad17c494988f2c87cf2e9da4fc7.jpg,/content/data/processed/synthetic_inpaint/images/train/56fd2ad17c494988f2c87cf2e9da4fc7_selective_c42_0033_s4200075.jpg,42,YF23,"clear blue sky, sunlight, realistic aircraft photography",4200075,True,,0.0,0.1,20,2,2,True,True,True,True
/content/data/processed/base/images/train/59abf20434b2155c22df533695d1f606.jpg,/content/data/processed/synthetic_inpaint/images/train/59abf20434b2155c22df533695d1f606_selective_c42_0034_s4200076.jpg,42,YF23,"desert airfield background, haze, realistic lighting",4200076,True,,0.0,0.1,20,1,1,True,True,True,True
/content/data/processed/base/images/train/5ac3aed349e6905d4cb7689c7c5129ca.jpg,/content/data/processed/synthetic_inpaint/images/train/5ac3aed349e6905d4cb7689c7c5129ca_selective_c42_0035_s4200077.jpg,42,YF23,"realistic sky background, natural lighting, aviation photography, high resolution, realistic clouds",4200077,True,,0.0,0.1,20,1,1,True,True,True,True
/content/data/processed/base/images/train/5ac91f8fe70885f3f56662c42c3ea190.jpg,/content/data/processed/synthetic_inpaint/images/train/5ac91f8fe70885f3f56662c42c3ea190_selective_c42_0036_s4200078.jpg,42,YF23,"realistic runway background, military airbase, natural lighting, aviation photography",4200078,True,,0.0,0.1,20,1,1,True,True,True,True
/content/data/processed/base/images/train/5ad62e8410751f4c540a4df43f6f87c0.jpg,/content/data/processed/synthetic_inpaint/images/train/5ad62e8410751f4c540a4df43f6f87c0_selective_c42_0037_s4200079.jpg,42,YF23,"cloudy sky background, realistic atmosphere, aviation photography",4200079,True,,0.0,0.1,20,1,1,True,True,True,True
/content/data/processed/base/images/train/5e918ae0161ff40c1556822201b01764.jpg,/content/data/processed/synthetic_inpaint/images/train/5e918ae0161ff40c1556822201b01764_selective_c42_0038_s4200080.jpg,42,YF23,"clear blue sky, sunlight, realistic aircraft photography",4200080,True,,0.0,0.1,20,1,1,True,True,True,True
/content/data/processed/base/images/train/5f4bf3557c9c79c642b20030392effe9.jpg,/content/data/processed/synthetic_inpaint/images/train/5f4bf3557c9c79c642b20030392effe9_selective_c42_0039_s4200081.jpg,42,YF23,"desert airfield background, haze, realistic lighting",4200081,True,,0.0,0.1,20,1,1,True,True,True,True
/content/data/processed/base/images/train/60f12e8bc869fae228d1eb7cb803cc23.jpg,/content/data/processed/synthetic_inpaint/images/train/60f12e8bc869fae228d1eb7cb803cc23_selective_c42_0040_s4200082.jpg,42,YF23,"realistic sky background, natural lighting, aviation photography, high resolution, realistic clouds",4200082,True,,0.0,0.1,20,1,1,True,True,True,True
/content/data/processed/base/images/train/62338d17ef84d6ddbc462b49d2e5be34.jpg,/content/data/processed/synthetic_inpaint/images/train/62338d17ef84d6ddbc462b49d2e5be34_selective_c42_0041_s4200083.jpg,42,YF23,"realistic runway background, military airbase, natural lighting, aviation photography",4200083,True,,0.0,0.1,20,3,3,True,True,True,True
/content/data/processed/base/images/train/639ed32861fc96dd75b7c3aacbf7d3c6.jpg,/content/data/processed/synthetic_inpaint/images/train/639ed32861fc96dd75b7c3aacbf7d3c6_selective_c42_0042_s4200084.jpg,42,YF23,"cloudy sky background, realistic atmosphere, aviation photography",4200084,True,,0.0,0.1,20,4,4,True,True,True,True
/content/data/processed/base/images/train/658b366285958976df4a22479027c643.jpg,/content/data/processed/synthetic_inpaint/images/train/658b366285958976df4a22479027c643_selective_c42_0043_s4200085.jpg,42,YF23,"clear blue sky, sunlight, realistic aircraft photography",4200085,True,,0.0,0.1,20,2,2,True,True,True,True
/content/data/processed/base/images/train/67c6761e0227b139ccbdc395392669f7.jpg,/content/data/processed/synthetic_inpaint/images/train/67c6761e0227b139ccbdc395392669f7_selective_c42_0044_s4200086.jpg,42,YF23,"desert airfield background, haze, realistic lighting",4200086,True,,0.0,0.1,20,1,1,True,True,True,True
/content/data/processed/base/images/train/6a321da68fdf90aa69f40ca3b07a24aa.jpg,/content/data/processed/synthetic_inpaint/images/train/6a321da68fdf90aa69f40ca3b07a24aa_selective_c42_0045_s4200087.jpg,42,YF23,"realistic sky background, natural lighting, aviation photography, high resolution, realistic clouds",4200087,True,,0.0,0.1,20,1,1,True,True,True,True
/content/data/processed/base/images/train/6b610960ffa2fd5473e681191820b631.jpg,/content/data/processed/synthetic_inpaint/images/train/6b610960ffa2fd5473e681191820b631_selective_c42_0046_s4200088.jpg,42,YF23,"realistic runway background, military airbase, natural lighting, aviation photography",4200088,True,,0.0,0.1,20,1,1,True,True,True,True
/content/data/processed/base/images/train/6eab2ccec47cf8a380be6ac0cea00276.jpg,/content/data/processed/synthetic_inpaint/images/train/6eab2ccec47cf8a380be6ac0cea00276_selective_c42_0047_s4200089.jpg,42,YF23,"cloudy sky background, realistic atmosphere, aviation photography",4200089,True,,0.0,0.1,20,4,4,True,True,True,True
/content/data/processed/base/images/train/6f3043858e8038f2e849d586c756d8b8.jpg,/content/data/processed/synthetic_inpaint/images/train/6f3043858e8038f2e849d586c756d8b8_selective_c42_0048_s4200090.jpg,42,YF23,"clear blue sky, sunlight, realistic aircraft photography",4200090,True,,0.0,0.1,20,1,1,True,True,True,True
/content/data/processed/base/images/train/79f53339009b999d39e0fad54d19aaad.jpg,/content/data/processed/synthetic_inpaint/images/train/79f53339009b999d39e0fad54d19aaad_selective_c42_0049_s4200091.jpg,42,YF23,"desert airfield background, haze, realistic lighting",4200091,True,,0.0,0.1,20,1,1,True,True,True,True
/content/data/processed/base/images/train/7af24bcfa4048804feff457e2352fb7a.jpg,/content/data/processed/synthetic_inpaint/images/train/7af24bcfa4048804feff457e2352fb7a_selective_c42_0050_s4200092.jpg,42,YF23,"realistic sky background, natural lighting, aviation photography, high resolution, realistic clouds",4200092,True,,0.0,0.1,20,1,1,True,True,True,True
/content/data/processed/base/images/train/7c974f1a61ab3d18b5a7d84924246a51.jpg,/content/data/processed/synthetic_inpaint/images/train/7c974f1a61ab3d18b5a7d84924246a51_selective_c42_0051_s4200093.jpg,42,YF23,"realistic runway background, military airbase, natural lighting, aviation photography",4200093,True,,0.0,0.1,20,1,1,True,True,True,True
/content/data/processed/base/images/train/7ff05e458b05dcab3fbfbf6a81dd4f60.jpg,/content/data/processed/synthetic_inpaint/images/train/7ff05e458b05dcab3fbfbf6a81dd4f60_selective_c42_0052_s4200094.jpg,42,YF23,"cloudy sky background, realistic atmosphere, aviation photography",4200094,True,,0.0,0.1,20,1,1,True,True,True,True
/content/data/processed/base/images/train/80557e20e1fd76e47fc9a9c365245151.jpg,/content/data/processed/synthetic_inpaint/images/train/80557e20e1fd76e47fc9a9c365245151_selective_c42_0053_s4200095.jpg,42,YF23,"clear blue sky, sunlight, realistic aircraft photography",4200095,True,,0.0,0.1,20,1,1,True,True,True,True
/content/data/processed/base/images/train/87f547b429893ac10d5d9e4be8abeb6e.jpg,/content/data/processed/synthetic_inpaint/images/train/87f547b429893ac10d5d9e4be8abeb6e_selective_c42_0054_s4200096.jpg,42,YF23,"desert airfield background, haze, realistic lighting",4200096,True,,0.0,0.1,20,1,1,True,True,True,True
/content/data/processed/base/images/train/8c37a82239087b4206bb8e9e12474196.jpg,/content/data/processed/synthetic_inpaint/images/train/8c37a82239087b4206bb8e9e12474196_selective_c42_0055_s4200097.jpg,42,YF23,"realistic sky background, natural lighting, aviation photography, high resolution, realistic clouds",4200097,True,,0.0,0.1,20,1,1,True,True,True,True
/content/data/processed/base/images/train/90cd2e090a1b4e89c78f199bdb0092fd.jpg,/content/data/processed/synthetic_inpaint/images/train/90cd2e090a1b4e89c78f199bdb0092fd_selective_c42_0056_s4200098.jpg,42,YF23,"realistic runway background, military airbase, natural lighting, aviation photography",4200098,True,,0.0,0.1,20,1,1,True,True,True,True
/content/data/processed/base/images/train/9b06db66a6a5942c13366ce4e744fd5c.jpg,/content/data/processed/synthetic_inpaint/images/train/9b06db66a6a5942c13366ce4e744fd5c_selective_c42_0057_s4200099.jpg,42,YF23,"cloudy sky background, realistic atmosphere, aviation photography",4200099,True,,0.0,0.1,20,1,1,True,True,True,True
/content/data/processed/base/images/train/a0d0bcb05e6990d9566b3605ccbc08f6.jpg,/content/data/processed/synthetic_inpaint/images/train/a0d0bcb05e6990d9566b3605ccbc08f6_selective_c42_0058_s4200100.jpg,42,YF23,"clear blue sky, sunlight, realistic aircraft photography",4200100,True,,0.0,0.1,20,1,1,True,True,True,True
/content/data/processed/base/images/train/a6b43aaf038af8572c427b0725826b4f.jpg,/content/data/processed/synthetic_inpaint/images/train/a6b43aaf038af8572c427b0725826b4f_selective_c42_0059_s4200101.jpg,42,YF23,"desert airfield background, haze, realistic lighting",4200101,True,,0.0,0.1,20,1,1,True,True,True,True
/content/data/processed/base/images/train/a7492b07b96e130ce830fa9ab07b9c7f.jpg,/content/data/processed/synthetic_inpaint/images/train/a7492b07b96e130ce830fa9ab07b9c7f_selective_c42_0060_s4200102.jpg,42,YF23,"realistic sky background, natural lighting, aviation photography, high resolution, realistic clouds",4200102,True,,0.0,0.1,20,1,1,True,True,True,True
/content/data/processed/base/images/train/a994c2be93ae8116038d23785c664452.jpg,/content/data/processed/synthetic_inpaint/images/train/a994c2be93ae8116038d23785c664452_selective_c42_0061_s4200103.jpg,42,YF23,"realistic runway background, military airbase, natural lighting, aviation photography",4200103,True,,0.0,0.1,20,1,1,True,True,True,True
/content/data/processed/base/images/train/aacf0e96142ba9e7a4897bf7b067e800.jpg,/content/data/processed/synthetic_inpaint/images/train/aacf0e96142ba9e7a4897bf7b067e800_selective_c42_0062_s4200104.jpg,42,YF23,"cloudy sky background, realistic atmosphere, aviation photography",4200104,True,,0.0,0.1,20,1,1,True,True,True,True
/content/data/processed/base/images/train/b18a00460f3ac2bf785ec26ad837430e.jpg,/content/data/processed/synthetic_inpaint/images/train/b18a00460f3ac2bf785ec26ad837430e_selective_c42_0063_s4200105.jpg,42,YF23,"clear blue sky, sunlight, realistic aircraft photography",4200105,True,,0.0,0.1,20,1,1,True,True,True,True
/content/data/processed/base/images/train/b3d5ab77feb1db2d5273a28b46e5b13a.jpg,/content/data/processed/synthetic_inpaint/images/train/b3d5ab77feb1db2d5273a28b46e5b13a_selective_c42_0064_s4200106.jpg,42,YF23,"desert airfield background, haze, realistic lighting",4200106,True,,0.0,0.1,20,3,3,True,True,True,True
/content/data/processed/base/images/train/b468cf3161d72099b021b35c3b079000.jpg,/content/data/processed/synthetic_inpaint/images/train/b468cf3161d72099b021b35c3b079000_selective_c42_0065_s4200107.jpg,42,YF23,"realistic sky background, natural lighting, aviation photography, high resolution, realistic clouds",4200107,True,,0.0,0.1,20,1,1,True,True,True,True
/content/data/processed/base/images/train/b4bbbdc77dfe8aeba3d73eae4c913dc8.jpg,/content/data/processed/synthetic_inpaint/images/train/b4bbbdc77dfe8aeba3d73eae4c913dc8_selective_c42_0066_s4200108.jpg,42,YF23,"realistic runway background, military airbase, natural lighting, aviation photography",4200108,True,,0.0,0.1,20,1,1,True,True,True,True
/content/data/processed/base/images/train/b6bbd7cf0112a593b0adeb2714063332.jpg,/content/data/processed/synthetic_inpaint/images/train/b6bbd7cf0112a593b0adeb2714063332_selective_c42_0067_s4200109.jpg,42,YF23,"cloudy sky background, realistic atmosphere, aviation photography",4200109,True,,0.0,0.1,20,1,1,True,True,True,True
/content/data/processed/base/images/train/bb14360312f4ecde48885403d122bdca.jpg,/content/data/processed/synthetic_inpaint/images/train/bb14360312f4ecde48885403d122bdca_selective_c42_0068_s4200110.jpg,42,YF23,"clear blue sky, sunlight, realistic aircraft photography",4200110,True,,0.0,0.1,20,1,1,True,True,True,True
/content/data/processed/base/images/train/bd781d7207e78a5070ecfbec04ba4706.jpg,/content/data/processed/synthetic_inpaint/images/train/bd781d7207e78a5070ecfbec04ba4706_selective_c42_0069_s4200111.jpg,42,YF23,"desert airfield background, haze, realistic lighting",4200111,True,,0.0,0.1,20,1,1,True,True,True,True
/content/data/processed/base/images/train/c0047d22d943bbf246421b3f322b645b.jpg,/content/data/processed/synthetic_inpaint/images/train/c0047d22d943bbf246421b3f322b645b_selective_c42_0070_s4200112.jpg,42,YF23,"realistic sky background, natural lighting, aviation photography, high resolution, realistic clouds",4200112,True,,0.0,0.1,20,1,1,True,True,True,True
/content/data/processed/base/images/train/c0eb6acc207b695def55f200fba5ef9a.jpg,/content/data/processed/synthetic_inpaint/images/train/c0eb6acc207b695def55f200fba5ef9a_selective_c42_0071_s4200113.jpg,42,YF23,"realistic runway background, military airbase, natural lighting, aviation photography",4200113,True,,0.0,0.1,20,1,1,True,True,True,True
/content/data/processed/base/images/train/c4f8aa226bd45d59bcb8f58662a57d10.jpg,/content/data/processed/synthetic_inpaint/images/train/c4f8aa226bd45d59bcb8f58662a57d10_selective_c42_0072_s4200114.jpg,42,YF23,"cloudy sky background, realistic atmosphere, aviation photography",4200114,True,,0.0,0.1,20,1,1,True,True,True,True
/content/data/processed/base/images/train/c5386299d6bec3a94fef31406a29387e.jpg,/content/data/processed/synthetic_inpaint/images/train/c5386299d6bec3a94fef31406a29387e_selective_c42_0073_s4200115.jpg,42,YF23,"clear blue sky, sunlight, realistic aircraft photography",4200115,True,,0.0,0.1,20,2,2,True,True,True,True
/content/data/processed/base/images/train/c7e34b9c9926f89929e8a1b7dd4b4345.jpg,/content/data/processed/synthetic_inpaint/images/train/c7e34b9c9926f89929e8a1b7dd4b4345_selective_c42_0074_s4200116.jpg,42,YF23,"desert airfield background, haze, realistic lighting",4200116,True,,0.0,0.1,20,1,1,True,True,True,True
/content/data/processed/base/images/train/ca77bbf05bbc53fbfa579adde687faa4.jpg,/content/data/processed/synthetic_inpaint/images/train/ca77bbf05bbc53fbfa579adde687faa4_selective_c42_0075_s4200117.jpg,42,YF23,"realistic sky background, natural lighting, aviation photography, high resolution, realistic clouds",4200117,True,,0.0,0.1,20,2,2,True,True,True,True
/content/data/processed/base/images/train/01c1bbe086ccd2a86ff839287bb7d7e6.jpg,/content/data/processed/synthetic_inpaint/images/train/01c1bbe086ccd2a86ff839287bb7d7e6_selective_c42_0076_s4200118.jpg,42,YF23,"realistic runway background, military airbase, natural lighting, aviation photography",4200118,True,,0.0,0.1,20,2,2,True,True,True,True
/content/data/processed/base/images/train/086e839c04393e52f2ce5152e85b3da9.jpg,/content/data/processed/synthetic_inpaint/images/train/086e839c04393e52f2ce5152e85b3da9_selective_c42_0077_s4200119.jpg,42,YF23,"cloudy sky background, realistic atmosphere, aviation photography",4200119,True,,0.0,0.1,20,1,1,True,True,True,True
/content/data/processed/base/images/train/0aec91f88f3603697c6d30be532cd5bd.jpg,/content/data/processed/synthetic_inpaint/images/train/0aec91f88f3603697c6d30be532cd5bd_selective_c42_0078_s4200120.jpg,42,YF23,"clear blue sky, sunlight, realistic aircraft photography",4200120,True,,0.0,0.1,20,1,1,True,True,True,True
/content/data/processed/base/images/train/0b0efaf65dbe4844923d8726a6c7efbc.jpg,/content/data/processed/synthetic_inpaint/images/train/0b0efaf65dbe4844923d8726a6c7efbc_selective_c42_0079_s4200121.jpg,42,YF23,"desert airfield background, haze, realistic lighting",4200121,True,,0.0,0.1,20,1,1,True,True,True,True
/content/data/processed/base/images/train/00ea3b9658576d41ec570bd558e81fe4.jpg,/content/data/processed/synthetic_inpaint/images/train/00ea3b9658576d41ec570bd558e81fe4_selective_c13_0000_s1300042.jpg,13,E7,"realistic sky background, natural lighting, aviation photography, high resolution, realistic clouds",1300042,True,,0.0,0.1,20,3,3,True,True,True,True
/content/data/processed/base/images/train/06dfca9d58c81975c587ae5240449e4e.jpg,/content/data/processed/synthetic_inpaint/images/train/06dfca9d58c81975c587ae5240449e4e_selective_c13_0001_s1300043.jpg,13,E7,"realistic runway background, military airbase, natural lighting, aviation photography",1300043,True,,0.0,0.1,20,1,1,True,True,True,True
/content/data/processed/base/images/train/06e1a045924708851620c1366b0e813a.jpg,/content/data/processed/synthetic_inpaint/images/train/06e1a045924708851620c1366b0e813a_selective_c13_0002_s1300044.jpg,13,E7,"cloudy sky background, realistic atmosphere, aviation photography",1300044,True,,0.0,0.1,20,1,1,True,True,True,True
/content/data/processed/base/images/train/0e0e72c6072ca0eaeb8ea6e95af0c63c.jpg,/content/data/processed/synthetic_inpaint/images/train/0e0e72c6072ca0eaeb8ea6e95af0c63c_selective_c13_0003_s1300045.jpg,13,E7,"clear blue sky, sunlight, realistic aircraft photography",1300045,True,,0.0,0.1,20,1,1,True,True,True,True
/content/data/processed/base/images/train/0f7ebf920a66f19a58b55f62a1c3f988.jpg,/content/data/processed/synthetic_inpaint/images/train/0f7ebf920a66f19a58b55f62a1c3f988_selective_c13_0004_s1300046.jpg,13,E7,"desert airfield background, haze, realistic lighting",1300046,True,,0.0,0.1,20,1,1,True,True,True,True
/content/data/processed/base/images/train/0fa0b4fe40111ce7e6a2be5778948070.jpg,/content/data/processed/synthetic_inpaint/images/train/0fa0b4fe40111ce7e6a2be5778948070_selective_c13_0005_s1300047.jpg,13,E7,"realistic sky background, natural lighting, aviation photography, high resolution, realistic clouds",1300047,True,,0.0,0.1,20,1,1,True,True,True,True
/content/data/processed/base/images/train/10946ac1f135dd1271d2080dc75410fa.jpg,/content/data/processed/synthetic_inpaint/images/train/10946ac1f135dd1271d2080dc75410fa_selective_c13_0006_s1300048.jpg,13,E7,"realistic runway background, military airbase, natural lighting, aviation photography",1300048,True,,0.0,0.1,20,1,1,True,True,True,True
/content/data/processed/base/images/train/112a93ecfe72d7c847f63cfda01c979e.jpg,/content/data/processed/synthetic_inpaint/images/train/112a93ecfe72d7c847f63cfda01c979e_selective_c13_0007_s1300049.jpg,13,E7,"cloudy sky background, realistic atmosphere, aviation photography",1300049,True,,0.0,0.1,20,1,1,True,True,True,True
/content/data/processed/base/images/train/113af19a4cccf4c12d8b7aa5d5df806d.jpg,/content/data/processed/synthetic_inpaint/images/train/113af19a4cccf4c12d8b7aa5d5df806d_selective_c13_0008_s1300050.jpg,13,E7,"clear blue sky, sunlight, realistic aircraft photography",1300050,True,,0.0,0.1,20,1,1,True,True,True,True
/content/data/processed/base/images/train/1147ff5a41547c17ec39fe244595ead1.jpg,/content/data/processed/synthetic_inpaint/images/train/1147ff5a41547c17ec39fe244595ead1_selective_c13_0009_s1300051.jpg,13,E7,"desert airfield background, haze, realistic lighting",1300051,True,,0.0,0.1,20,2,2,True,True,True,True
/content/data/processed/base/images/train/1460beb77315c837123045d2241d2176.jpg,/content/data/processed/synthetic_inpaint/images/train/1460beb77315c837123045d2241d2176_selective_c13_0010_s1300052.jpg,13,E7,"realistic sky background, natural lighting, aviation photography, high resolution, realistic clouds",1300052,True,,0.0,0.1,20,1,1,True,True,True,True
/content/data/processed/base/images/train/166311e46b7871b753f56f30b8afc20d.jpg,/content/data/processed/synthetic_inpaint/images/train/166311e46b7871b753f56f30b8afc20d_selective_c13_0011_s1300053.jpg,13,E7,"realistic runway background, military airbase, natural lighting, aviation photography",1300053,True,,0.0,0.1,20,2,2,True,True,True,True
/content/data/processed/base/images/train/1b4e14d0629f8b45de82671dc7a867a8.jpg,/content/data/processed/synthetic_inpaint/images/train/1b4e14d0629f8b45de82671dc7a867a8_selective_c13_0012_s1300054.jpg,13,E7,"cloudy sky background, realistic atmosphere, aviation photography",1300054,True,,0.0,0.1,20,1,1,True,True,True,True
/content/data/processed/base/images/train/21623a68bfff203b8b99aaf420e99af5.jpg,/content/data/processed/synthetic_inpaint/images/train/21623a68bfff203b8b99aaf420e99af5_selective_c13_0013_s1300055.jpg,13,E7,"clear blue sky, sunlight, realistic aircraft photography",1300055,True,,0.0,0.1,20,1,1,True,True,True,True
/content/data/processed/base/images/train/243b331f851e2115fd94731227145f72.jpg,/content/data/processed/synthetic_inpaint/images/train/243b331f851e2115fd94731227145f72_selective_c13_0014_s1300056.jpg,13,E7,"desert airfield background, haze, realistic lighting",1300056,True,,0.0,0.1,20,1,1,True,True,True,True
/content/data/processed/base/images/train/2b743eb725c1143c884bdd947b3b3677.jpg,/content/data/processed/synthetic_inpaint/images/train/2b743eb725c1143c884bdd947b3b3677_selective_c13_0015_s1300057.jpg,13,E7,"realistic sky background, natural lighting, aviation photography, high resolution, realistic clouds",1300057,True,,0.0,0.1,20,1,1,True,True,True,True
/content/data/processed/base/images/train/2d353ff4432d337f936442241beef6cf.jpg,/content/data/processed/synthetic_inpaint/images/train/2d353ff4432d337f936442241beef6cf_selective_c13_0016_s1300058.jpg,13,E7,"realistic runway background, military airbase, natural lighting, aviation photography",1300058,True,,0.0,0.1,20,1,1,True,True,True,True
/content/data/processed/base/images/train/305bbc52fc6effbdf72af507631542a2.jpg,/content/data/processed/synthetic_inpaint/images/train/305bbc52fc6effbdf72af507631542a2_selective_c13_0017_s1300059.jpg,13,E7,"cloudy sky background, realistic atmosphere, aviation photography",1300059,True,,0.0,0.1,20,1,1,True,True,True,True
/content/data/processed/base/images/train/32bb887ce3caa8c477adb214d84e1d14.jpg,/content/data/processed/synthetic_inpaint/images/train/32bb887ce3caa8c477adb214d84e1d14_selective_c13_0018_s1300060.jpg,13,E7,"clear blue sky, sunlight, realistic aircraft photography",1300060,True,,0.0,0.1,20,1,1,True,True,True,True
/content/data/processed/base/images/train/35e08bf9454e9e5f5247aeadf5f87d93.jpg,/content/data/processed/synthetic_inpaint/images/train/35e08bf9454e9e5f5247aeadf5f87d93_selective_c13_0019_s1300061.jpg,13,E7,"desert airfield background, haze, realistic lighting",1300061,True,,0.0,0.1,20,1,1,True,True,True,True
/content/data/processed/base/images/train/401dda36d60b46fce5ea452b3dcace06.jpg,/content/data/processed/synthetic_inpaint/images/train/401dda36d60b46fce5ea452b3dcace06_selective_c13_0020_s1300062.jpg,13,E7,"realistic sky background, natural lighting, aviation photography, high resolution, realistic clouds",1300062,True,,0.0,0.1,20,1,1,True,True,True,True
/content/data/processed/base/images/train/416b618bf6a6b49312a45ce30fb0c223.jpg,/content/data/processed/synthetic_inpaint/images/train/416b618bf6a6b49312a45ce30fb0c223_selective_c13_0021_s1300063.jpg,13,E7,"realistic runway background, military airbase, natural lighting, aviation photography",1300063,True,,0.0,0.1,20,1,1,True,True,True,True
/content/data/processed/base/images/train/425b573df86ab823baec2b81427d1980.jpg,/content/data/processed/synthetic_inpaint/images/train/425b573df86ab823baec2b81427d1980_selective_c13_0022_s1300064.jpg,13,E7,"cloudy sky background, realistic atmosphere, aviation photography",1300064,True,,0.0,0.1,20,2,2,True,True,True,True
/content/data/processed/base/images/train/44995d3e529652c030ed6bb442833f27.jpg,/content/data/processed/synthetic_inpaint/images/train/44995d3e529652c030ed6bb442833f27_selective_c13_0023_s1300065.jpg,13,E7,"clear blue sky, sunlight, realistic aircraft photography",1300065,True,,0.0,0.1,20,2,2,True,True,True,True
/content/data/processed/base/images/train/465d34d6bbfe2f2ba1f0f4fec2fe1622.jpg,/content/data/processed/synthetic_inpaint/images/train/465d34d6bbfe2f2ba1f0f4fec2fe1622_selective_c13_0024_s1300066.jpg,13,E7,"desert airfield background, haze, realistic lighting",1300066,True,,0.0,0.1,20,1,1,True,True,True,True
/content/data/processed/base/images/train/486ef27b5dd430a0f481c97c03953bf5.jpg,/content/data/processed/synthetic_inpaint/images/train/486ef27b5dd430a0f481c97c03953bf5_selective_c13_0025_s1300067.jpg,13,E7,"realistic sky background, natural lighting, aviation photography, high resolution, realistic clouds",1300067,True,,0.0,0.1,20,1,1,True,True,True,True
/content/data/processed/base/images/train/49230d45b562e98a09acd61b3628e565.jpg,/content/data/processed/synthetic_inpaint/images/train/49230d45b562e98a09acd61b3628e565_selective_c13_0026_s1300068.jpg,13,E7,"realistic runway background, military airbase, natural lighting, aviation photography",1300068,True,,0.0,0.1,20,1,1,True,True,True,True
/content/data/processed/base/images/train/498db8f9c966c8365bb344a41bc46178.jpg,/content/data/processed/synthetic_inpaint/images/train/498db8f9c966c8365bb344a41bc46178_selective_c13_0027_s1300069.jpg,13,E7,"cloudy sky background, realistic atmosphere, aviation photography",1300069,True,,0.0,0.1,20,1,1,True,True,True,True
/content/data/processed/base/images/train/4a82b877decc45035b34b21292869cf2.jpg,/content/data/processed/synthetic_inpaint/images/train/4a82b877decc45035b34b21292869cf2_selective_c13_0028_s1300070.jpg,13,E7,"clear blue sky, sunlight, realistic aircraft photography",1300070,True,,0.0,0.1,20,1,1,True,True,True,True
/content/data/processed/base/images/train/4c51caebbc6d6a9d74511863161d37aa.jpg,/content/data/processed/synthetic_inpaint/images/train/4c51caebbc6d6a9d74511863161d37aa_selective_c13_0029_s1300071.jpg,13,E7,"desert airfield background, haze, realistic lighting",1300071,True,,0.0,0.1,20,1,1,True,True,True,True
/content/data/processed/base/images/train/4dd16eb1416e800c4b2ff1a6dfecb24b.jpg,/content/data/processed/synthetic_inpaint/images/train/4dd16eb1416e800c4b2ff1a6dfecb24b_selective_c13_0030_s1300072.jpg,13,E7,"realistic sky background, natural lighting, aviation photography, high resolution, realistic clouds",1300072,True,,0.0,0.1,20,1,1,True,True,True,True
/content/data/processed/base/images/train/50ca164ab8b8bcfa645053bb775a969f.jpg,/content/data/processed/synthetic_inpaint/images/train/50ca164ab8b8bcfa645053bb775a969f_selective_c13_0031_s1300073.jpg,13,E7,"realistic runway background, military airbase, natural lighting, aviation photography",1300073,True,,0.0,0.1,20,1,1,True,True,True,True
/content/data/processed/base/images/train/527ed955bce7108568e70957f725bf7d.jpg,/content/data/processed/synthetic_inpaint/images/train/527ed955bce7108568e70957f725bf7d_selective_c13_0032_s1300074.jpg,13,E7,"cloudy sky background, realistic atmosphere, aviation photography",1300074,True,,0.0,0.1,20,1,1,True,True,True,True
/content/data/processed/base/images/train/5511cf70a99ba7f5217f5e3ba661fabc.jpg,/content/data/processed/synthetic_inpaint/images/train/5511cf70a99ba7f5217f5e3ba661fabc_selective_c13_0033_s1300075.jpg,13,E7,"clear blue sky, sunlight, realistic aircraft photography",1300075,True,,0.0,0.1,20,1,1,True,True,True,True
/content/data/processed/base/images/train/557557d893df03c3355645a5cf8a513d.jpg,/content/data/processed/synthetic_inpaint/images/train/557557d893df03c3355645a5cf8a513d_selective_c13_0034_s1300076.jpg,13,E7,"desert airfield background, haze, realistic lighting",1300076,True,,0.0,0.1,20,3,3,True,True,True,True
/content/data/processed/base/images/train/57d13ef1fc8bd5b7f08f6e6e673088e6.jpg,/content/data/processed/synthetic_inpaint/images/train/57d13ef1fc8bd5b7f08f6e6e673088e6_selective_c13_0035_s1300077.jpg,13,E7,"realistic sky background, natural lighting, aviation photography, high resolution, realistic clouds",1300077,True,,0.0,0.1,20,1,1,True,True,True,True
/content/data/processed/base/images/train/58bd058f8809b419f68fc81c63f0ec13.jpg,/content/data/processed/synthetic_inpaint/images/train/58bd058f8809b419f68fc81c63f0ec13_selective_c13_0036_s1300078.jpg,13,E7,"realistic runway background, military airbase, natural lighting, aviation photography",1300078,True,,0.0,0.1,20,1,1,True,True,True,True
/content/data/processed/base/images/train/5e8557ca9842f801dd00ec13e22c19d9.jpg,/content/data/processed/synthetic_inpaint/images/train/5e8557ca9842f801dd00ec13e22c19d9_selective_c13_0037_s1300079.jpg,13,E7,"cloudy sky background, realistic atmosphere, aviation photography",1300079,True,,0.0,0.1,20,1,1,True,True,True,True
/content/data/processed/base/images/train/60be8347b76541a8cb60e7b4fb642065.jpg,/content/data/processed/synthetic_inpaint/images/train/60be8347b76541a8cb60e7b4fb642065_selective_c13_0038_s1300080.jpg,13,E7,"clear blue sky, sunlight, realistic aircraft photography",1300080,True,,0.0,0.1,20,2,2,True,True,True,True
/content/data/processed/base/images/train/63fae73a600278a692eb40710d001d0e.jpg,/content/data/processed/synthetic_inpaint/images/train/63fae73a600278a692eb40710d001d0e_selective_c13_0039_s1300081.jpg,13,E7,"desert airfield background, haze, realistic lighting",1300081,True,,0.0,0.1,20,2,2,True,True,True,True
/content/data/processed/base/images/train/64f8a6db0dcbfc94e03f064d2e8ec6bd.jpg,/content/data/processed/synthetic_inpaint/images/train/64f8a6db0dcbfc94e03f064d2e8ec6bd_selective_c13_0040_s1300082.jpg,13,E7,"realistic sky background, natural lighting, aviation photography, high resolution, realistic clouds",1300082,True,,0.0,0.1,20,1,1,True,True,True,True
/content/data/processed/base/images/train/658e5d336a597595f47690fc26b322d2.jpg,/content/data/processed/synthetic_inpaint/images/train/658e5d336a597595f47690fc26b322d2_selective_c13_0041_s1300083.jpg,13,E7,"realistic runway background, military airbase, natural lighting, aviation photography",1300083,True,,0.0,0.1,20,4,4,True,True,True,True
/content/data/processed/base/images/train/665ac1fcba905e8bf2cd7dbc6385f787.jpg,/content/data/processed/synthetic_inpaint/images/train/665ac1fcba905e8bf2cd7dbc6385f787_selective_c13_0042_s1300084.jpg,13,E7,"cloudy sky background, realistic atmosphere, aviation photography",1300084,True,,0.0,0.1,20,1,1,True,True,True,True
/content/data/processed/base/images/train/6789a2a23f3e680d9b010668988d9092.jpg,/content/data/processed/synthetic_inpaint/images/train/6789a2a23f3e680d9b010668988d9092_selective_c13_0043_s1300085.jpg,13,E7,"clear blue sky, sunlight, realistic aircraft photography",1300085,True,,0.0,0.1,20,1,1,True,True,True,True
/content/data/processed/base/images/train/6a61e86ce201f0a2162dc377c7f8794e.jpg,/content/data/processed/synthetic_inpaint/images/train/6a61e86ce201f0a2162dc377c7f8794e_selective_c13_0044_s1300086.jpg,13,E7,"desert airfield background, haze, realistic lighting",1300086,True,,0.0,0.1,20,1,1,True,True,True,True
/content/data/processed/base/images/train/6a709bfaf2775636339e4304a715e449.jpg,/content/data/processed/synthetic_inpaint/images/train/6a709bfaf2775636339e4304a715e449_selective_c13_0045_s1300087.jpg,13,E7,"realistic sky background, natural lighting, aviation photography, high resolution, realistic clouds",1300087,True,,0.0,0.1,20,1,1,True,True,True,True
/content/data/processed/base/images/train/6e7134ad14215d612caa1861c5345fc2.jpg,/content/data/processed/synthetic_inpaint/images/train/6e7134ad14215d612caa1861c5345fc2_selective_c13_0046_s1300088.jpg,13,E7,"realistic runway background, military airbase, natural lighting, aviation photography",1300088,True,,0.0,0.1,20,1,1,True,True,True,True
/content/data/processed/base/images/train/6eaa47d0d60864520adf38823cd3b9e5.jpg,/content/data/processed/synthetic_inpaint/images/train/6eaa47d0d60864520adf38823cd3b9e5_selective_c13_0047_s1300089.jpg,13,E7,"cloudy sky background, realistic atmosphere, aviation photography",1300089,True,,0.0,0.1,20,1,1,True,True,True,True
/content/data/processed/base/images/train/6f5ce0e5b8a8396de930e6340acdf410.jpg,/content/data/processed/synthetic_inpaint/images/train/6f5ce0e5b8a8396de930e6340acdf410_selective_c13_0048_s1300090.jpg,13,E7,"clear blue sky, sunlight, realistic aircraft photography",1300090,True,,0.0,0.1,20,1,1,True,True,True,True
/content/data/processed/base/images/train/722a70523719c134cbb3956b89c2eb41.jpg,/content/data/processed/synthetic_inpaint/images/train/722a70523719c134cbb3956b89c2eb41_selective_c13_0049_s1300091.jpg,13,E7,"desert airfield background, haze, realistic lighting",1300091,True,,0.0,0.1,20,1,1,True,True,True,True
/content/data/processed/base/images/train/72f14510e68cba5c26e71217c24dc2da.jpg,/content/data/processed/synthetic_inpaint/images/train/72f14510e68cba5c26e71217c24dc2da_selective_c13_0050_s1300092.jpg,13,E7,"realistic sky background, natural lighting, aviation photography, high resolution, realistic clouds",1300092,True,,0.0,0.1,20,1,1,True,True,True,True
/content/data/processed/base/images/train/75943dc3b635dbdaffe06f7b83ecbf53.jpg,/content/data/processed/synthetic_inpaint/images/train/75943dc3b635dbdaffe06f7b83ecbf53_selective_c13_0051_s1300093.jpg,13,E7,"realistic runway background, military airbase, natural lighting, aviation photography",1300093,True,,0.0,0.1,20,1,1,True,True,True,True
/content/data/processed/base/images/train/75b2d522e0711a2af31e88b7397cafdf.jpg,/content/data/processed/synthetic_inpaint/images/train/75b2d522e0711a2af31e88b7397cafdf_selective_c13_0052_s1300094.jpg,13,E7,"cloudy sky background, realistic atmosphere, aviation photography",1300094,True,,0.0,0.1,20,1,1,True,True,True,True
/content/data/processed/base/images/train/76bb2735ffbf23f399c89aae4319449d.jpg,/content/data/processed/synthetic_inpaint/images/train/76bb2735ffbf23f399c89aae4319449d_selective_c13_0053_s1300095.jpg,13,E7,"clear blue sky, sunlight, realistic aircraft photography",1300095,True,,0.0,0.1,20,1,1,True,True,True,True
/content/data/processed/base/images/train/7cb8de2cfae4e5d8c3b1b4ea53d6ce8f.jpg,/content/data/processed/synthetic_inpaint/images/train/7cb8de2cfae4e5d8c3b1b4ea53d6ce8f_selective_c13_0054_s1300096.jpg,13,E7,"desert airfield background, haze, realistic lighting",1300096,True,,0.0,0.1,20,1,1,True,True,True,True
/content/data/processed/base/images/train/7e73f2dbdb0bed0e81ff29e811838eb5.jpg,/content/data/processed/synthetic_inpaint/images/train/7e73f2dbdb0bed0e81ff29e811838eb5_selective_c13_0055_s1300097.jpg,13,E7,"realistic sky background, natural lighting, aviation photography, high resolution, realistic clouds",1300097,True,,0.0,0.1,20,1,1,True,True,True,True
/content/data/processed/base/images/train/886a8341a4058f84e59cce9a6c065cca.jpg,/content/data/processed/synthetic_inpaint/images/train/886a8341a4058f84e59cce9a6c065cca_selective_c13_0056_s1300098.jpg,13,E7,"realistic runway background, military airbase, natural lighting, aviation photography",1300098,True,,0.0,0.1,20,1,1,True,True,True,True
/content/data/processed/base/images/train/9753d647227bf0294e9e26cf3cb0ca60.jpg,/content/data/processed/synthetic_inpaint/images/train/9753d647227bf0294e9e26cf3cb0ca60_selective_c13_0057_s1300099.jpg,13,E7,"cloudy sky background, realistic atmosphere, aviation photography",1300099,True,,0.0,0.1,20,1,1,True,True,True,True
/content/data/processed/base/images/train/9bd801408b8ce7909832a5d48b2909f6.jpg,/content/data/processed/synthetic_inpaint/images/train/9bd801408b8ce7909832a5d48b2909f6_selective_c13_0058_s1300100.jpg,13,E7,"clear blue sky, sunlight, realistic aircraft photography",1300100,True,,0.0,0.1,20,1,1,True,True,True,True
/content/data/processed/base/images/train/a0c6437583ca23777262e57e41a7f274.jpg,/content/data/processed/synthetic_inpaint/images/train/a0c6437583ca23777262e57e41a7f274_selective_c13_0059_s1300101.jpg,13,E7,"desert airfield background, haze, realistic lighting",1300101,True,,0.0,0.1,20,1,1,True,True,True,True
/content/data/processed/base/images/train/a2176a8253bdd200363ca3aa661c6491.jpg,/content/data/processed/synthetic_inpaint/images/train/a2176a8253bdd200363ca3aa661c6491_selective_c13_0060_s1300102.jpg,13,E7,"realistic sky background, natural lighting, aviation photography, high resolution, realistic clouds",1300102,True,,0.0,0.1,20,2,2,True,True,True,True
/content/data/processed/base/images/train/a37bc117addcd6ae23323a4c752dce3d.jpg,/content/data/processed/synthetic_inpaint/images/train/a37bc117addcd6ae23323a4c752dce3d_selective_c13_0061_s1300103.jpg,13,E7,"realistic runway background, military airbase, natural lighting, aviation photography",1300103,True,,0.0,0.1,20,1,1,True,True,True,True
/content/data/processed/base/images/train/a4433fb34e6dc31a1d9cea3e912cf7de.jpg,/content/data/processed/synthetic_inpaint/images/train/a4433fb34e6dc31a1d9cea3e912cf7de_selective_c13_0062_s1300104.jpg,13,E7,"cloudy sky background, realistic atmosphere, aviation photography",1300104,True,,0.0,0.1,20,1,1,True,True,True,True
/content/data/processed/base/images/train/a4b19a1c235ba84018cfd13fd8518f4b.jpg,/content/data/processed/synthetic_inpaint/images/train/a4b19a1c235ba84018cfd13fd8518f4b_selective_c13_0063_s1300105.jpg,13,E7,"clear blue sky, sunlight, realistic aircraft photography",1300105,True,,0.0,0.1,20,1,1,True,True,True,True
/content/data/processed/base/images/train/a5fb849aa290c5d31c301b2c23644142.jpg,/content/data/processed/synthetic_inpaint/images/train/a5fb849aa290c5d31c301b2c23644142_selective_c13_0064_s1300106.jpg,13,E7,"desert airfield background, haze, realistic lighting",1300106,True,,0.0,0.1,20,1,1,True,True,True,True
/content/data/processed/base/images/train/a8a721e21c4e9d44fa33c04b6bb24cac.jpg,/content/data/processed/synthetic_inpaint/images/train/a8a721e21c4e9d44fa33c04b6bb24cac_selective_c13_0065_s1300107.jpg,13,E7,"realistic sky background, natural lighting, aviation photography, high resolution, realistic clouds",1300107,True,,0.0,0.1,20,5,5,True,True,True,True
/content/data/processed/base/images/train/ac486dceed95eea97128e3952aa28b16.jpg,/content/data/processed/synthetic_inpaint/images/train/ac486dceed95eea97128e3952aa28b16_selective_c13_0066_s1300108.jpg,13,E7,"realistic runway background, military airbase, natural lighting, aviation photography",1300108,True,,0.0,0.1,20,2,2,True,True,True,True
/content/data/processed/base/images/train/b0846f75cb959e19f2799c4d0b1e4cb0.jpg,/content/data/processed/synthetic_inpaint/images/train/b0846f75cb959e19f2799c4d0b1e4cb0_selective_c13_0067_s1300109.jpg,13,E7,"cloudy sky background, realistic atmosphere, aviation photography",1300109,True,,0.0,0.1,20,1,1,True,True,True,True
/content/data/processed/base/images/train/b0e532580967c62474eae5c737b420f4.jpg,/content/data/processed/synthetic_inpaint/images/train/b0e532580967c62474eae5c737b420f4_selective_c13_0068_s1300110.jpg,13,E7,"clear blue sky, sunlight, realistic aircraft photography",1300110,True,,0.0,0.1,20,2,2,True,True,True,True
/content/data/processed/base/images/train/b11911c4a38275610485af1be3146530.jpg,/content/data/processed/synthetic_inpaint/images/train/b11911c4a38275610485af1be3146530_selective_c13_0069_s1300111.jpg,13,E7,"desert airfield background, haze, realistic lighting",1300111,True,,0.0,0.1,20,1,1,True,True,True,True
/content/data/processed/base/images/train/ba3e00620d5f978d17fa48a273b3b726.jpg,/content/data/processed/synthetic_inpaint/images/train/ba3e00620d5f978d17fa48a273b3b726_selective_c13_0070_s1300112.jpg,13,E7,"realistic sky background, natural lighting, aviation photography, high resolution, realistic clouds",1300112,True,,0.0,0.1,20,2,2,True,True,True,True
/content/data/processed/base/images/train/bea1279beb295a740f5b19c208712385.jpg,/content/data/processed/synthetic_inpaint/images/train/bea1279beb295a740f5b19c208712385_selective_c13_0071_s1300113.jpg,13,E7,"realistic runway background, military airbase, natural lighting, aviation photography",1300113,True,,0.0,0.1,20,1,1,True,True,True,True
/content/data/processed/base/images/train/c0d43da9703347e3ba77b7596b197043.jpg,/content/data/processed/synthetic_inpaint/images/train/c0d43da9703347e3ba77b7596b197043_selective_c13_0072_s1300114.jpg,13,E7,"cloudy sky background, realistic atmosphere, aviation photography",1300114,True,,0.0,0.1,20,1,1,True,True,True,True
/content/data/processed/base/images/train/c18e43ef25bec90be5cb33c8560c4240.jpg,/content/data/processed/synthetic_inpaint/images/train/c18e43ef25bec90be5cb33c8560c4240_selective_c13_0073_s1300115.jpg,13,E7,"clear blue sky, sunlight, realistic aircraft photography",1300115,True,,0.0,0.1,20,2,2,True,True,True,True
/content/data/processed/base/images/train/c28d5ec24687ac00f82b26e127e07542.jpg,/content/data/processed/synthetic_inpaint/images/train/c28d5ec24687ac00f82b26e127e07542_selective_c13_0074_s1300116.jpg,13,E7,"desert airfield background, haze, realistic lighting",1300116,True,,0.0,0.1,20,3,3,True,True,True,True
/content/data/processed/base/images/train/c3d7d9f3a19dddf5a177289bae84d77c.jpg,/content/data/processed/synthetic_inpaint/images/train/c3d7d9f3a19dddf5a177289bae84d77c_selective_c13_0075_s1300117.jpg,13,E7,"realistic sky background, natural lighting, aviation photography, high resolution, realistic clouds",1300117,True,,0.0,0.1,20,1,1,True,True,True,True
/content/data/processed/base/images/train/c80c18e0ec910e23986698ad3bb3efa6.jpg,/content/data/processed/synthetic_inpaint/images/train/c80c18e0ec910e23986698ad3bb3efa6_selective_c13_0076_s1300118.jpg,13,E7,"realistic runway background, military airbase, natural lighting, aviation photography",1300118,True,,0.0,0.1,20,1,1,True,True,True,True
/content/data/processed/base/images/train/cae89303f7e38b2215cc54fa7c584240.jpg,/content/data/processed/synthetic_inpaint/images/train/cae89303f7e38b2215cc54fa7c584240_selective_c13_0077_s1300119.jpg,13,E7,"cloudy sky background, realistic atmosphere, aviation photography",1300119,True,,0.0,0.1,20,2,2,True,True,True,True
/content/data/processed/base/images/train/00ea3b9658576d41ec570bd558e81fe4.jpg,/content/data/processed/synthetic_inpaint/images/train/00ea3b9658576d41ec570bd558e81fe4_selective_c13_0078_s1300120.jpg,13,E7,"clear blue sky, sunlight, realistic aircraft photography",1300120,True,,0.0,0.1,20,3,3,True,True,True,True
/content/data/processed/base/images/train/06dfca9d58c81975c587ae5240449e4e.jpg,/content/data/processed/synthetic_inpaint/images/train/06dfca9d58c81975c587ae5240449e4e_selective_c13_0079_s1300121.jpg,13,E7,"desert airfield background, haze, realistic lighting",1300121,True,,0.0,0.1,20,1,1,True,True,True,True
